Ouvrage,Latitude,Longitude,Region
10000078,-33.4370859,148.2229741,NSW
10000079,-33.4370859,148.2229741,NSW
10000155,-35.9558106,145.9646528,NSW
10000267,-35.102165,147.494109,NSW
10001368,-33.4370859,148.2229741,NSW
10001555,-33.9557138,141.3686861,NSW
10002201,-35.7123837,146.8757709,NSW
10002241,-33.4415415,147.4806135,NSW
10002941,-29.9776,149.3161417,NSW
10002976,-33.2153195,145.4939845,NSW
10002977,-34.6736023,145.6226968,NSW
10002978,-33.93115,151.2001167,NSW
10002979,-34.0116167,151.2104,NSW
10002987,-29.397496,149.4458504,NSW
10003016,-28.8244,153.4405,NSW
10003040,-33.2153195,145.4939845,NSW
10003043,-29.9867,146.916,NSW
10003068,-30.46037,149.980303,NSW
10003069,-29.9878854,148.7419863,NSW
10003094,-29.3947184,149.8191712,NSW
10003124,-32.0953,150.1338,NSW
10003143,-29.9878854,148.7419863,NSW
10003160,-33.8204,148.5939,NSW
10003164,-30.1741,145.8021,NSW
10003247,-33.5384003,145.3301533,NSW
10003305,-31.4585933,150.5908693,NSW
10003411,-33.9476833,151.2317,NSW
10003412,-33.4951462,145.3212326,NSW
10003413,-33.2152692,145.347917,NSW
10003519,-33.897508,151.218447,NSW
10003595,-34.9665421,145.397384,NSW
10003664,-32.6,149.6209,NSW
10003672,-33.2991,151.2475,NSW
10003673,-32.1534,150.0389,NSW
10003864,-30.46037,149.980303,NSW
10003866,-32.7511,151.1028,NSW
10003870,-31.2302,150.4631,NSW
10003944,-29.4181499,149.9989045,NSW
10003945,-30.4671,150.0305,NSW
10003946,-30.123,149.5572,NSW
10003981,-33.5384003,145.3301533,NSW
10004100,-29.3947184,149.8191712,NSW
10004112,-30.5179136,150.2148139,NSW
10004114,-34.5342721,145.807051,NSW
10004117,-30.2364,145.7081,NSW
10004128,-33.9669333,151.2283333,NSW
10004168,-30.5597,145.1136,NSW
10004182,-35.0658014,145.3797645,NSW
10004183,-30.0484324,148.9630996,NSW
10004209,-32.5749607,142.1295283,NSW
10004234,-30.039,149.3184,NSW
10004315,-30.2628,145.6792,NSW
10004418,-34.431564,145.8173495,NSW
10004419,-33.7927,148.5919,NSW
10004445,-35.5743467,145.1596617,NSW
10004476,-31.0111033,149.8602945,NSW
10004581,-34.9665421,145.397384,NSW
10004582,-31.0111033,149.8602945,NSW
10004609,-33.4951462,145.3212326,NSW
10004610,-33.2152692,145.347917,NSW
10004660,-33.2885837,145.8487692,NSW
10004662,-34.6194623,145.3953613,NSW
10004663,-34.431564,145.8173495,NSW
10004664,-33.8204,148.5939,NSW
10004813,-31.9711776,150.8638032,NSW
10004858,-35.8202634,145.1293072,NSW
10004861,-28.8244,153.4405,NSW
10004927,-34.7419434,145.957825,NSW
10004941,-29.9405509,149.3204167,NSW
10004942,-34.5935626,146.1627451,NSW
10004995,-33.3670013,145.1790051,NSW
10005015,-34.4785757,145.5689289,NSW
10005016,-29.8326022,148.9905912,NSW
10005049,-33.3875,148.1376,NSW
10005073,-31.2552666,150.4747624,NSW
10005147,-30.1741617,149.1269766,NSW
10005149,-28.8637,153.4338,NSW
10005160,-32.1059,150.8415,NSW
10005207,-35.5221929,145.4493687,NSW
10005208,-34.4785757,145.5689289,NSW
10005210,-36.7093,149.8831,NSW
10005240,-34.452593,145.9676598,NSW
10005251,-30.5335778,150.0334731,NSW
10005253,-32.2540986,150.6301636,NSW
10005256,-36.7236,149.8176,NSW
10005337,-31.9712476,150.862606,NSW
10005495,-35.0993674,147.4964998,NSW
10005740,-29.3088836,149.8038919,NSW
10005741,-34.4592844,145.1382748,NSW
10005931,-33.5188638,145.5297767,NSW
10005974,-30.1667,149.5494,NSW
10005976,-29.2863895,149.6786229,NSW
10005979,-33.5848787,145.2971507,NSW
10006014,-33.5188638,145.5297767,NSW
10006019,-34.4895404,145.3144274,NSW
10006023,-33.4507843,145.3338035,NSW
10006025,-34.7736317,145.9444224,NSW
10006026,-31.4475,143.9084,NSW
10006033,-35.5702,144.7558,NSW
10006034,-34.4895404,145.3144274,NSW
10006038,-32.6579,151.3607,NSW
10006039,-34.7419434,145.957825,NSW
10006040,-35.27369,144.53366,NSW
10006108,-35.6446,149.8126,NSW
10006145,-31.0646,151.0561,NSW
10006174,-32.0927937,150.123746,NSW
10006231,-31.071066,150.374153,NSW
10006283,-30.0229,149.4815,NSW
10006284,-31.422079,150.488361,NSW
10006325,-30.1223,149.3117,NSW
10006330,-33.3875,148.1376,NSW
10006360,-35.105167,147.486718,NSW
10006401,-35.6731,144.6494,NSW
10006411,-32.5333854,149.9938542,NSW
10006482,-33.4029556,145.3201174,NSW
10006504,-33.1062213,145.3572707,NSW
10006515,-34.6844583,144.2772249,NSW
10006539,-33.3477591,145.553324,NSW
10006640,-32.3296611,142.2836055,NSW
10006795,-34.5342721,145.807051,NSW
10006796,-30.2364,145.7081,NSW
10006797,-34.5140821,145.1919989,NSW
10006832,-33.3477591,145.553324,NSW
10006856,-30.0342306,149.1539244,NSW
10006892,-33.2936814,145.5286901,NSW
10006921,-32.6279,149.6354,NSW
10006979,-33.1782236,145.2987335,NSW
10007011,-33.4006,148.1656,NSW
10007231,-33.1422826,145.3467354,NSW
10007253,-31.9749,143.0266,NSW
10007254,-32.3346,150.6299,NSW
10007305,-32.5302454,149.9920685,NSW
10007317,-33.2643838,147.3642506,NSW
10007363,-34.719517,145.432524,NSW
10007396,-33.3581442,145.3388832,NSW
10007429,-33.3670013,145.1790051,NSW
10007437,-30.4979,150.1568,NSW
10007526,-34.69664,146.34222,NSW
10007530,-28.8888,153.4149,NSW
10007541,-35.6731,144.6494,NSW
10007549,-31.3184,150.4615,NSW
10007551,-34.5840043,146.2605355,NSW
10007572,-34.5840043,146.2605355,NSW
10007632,-30.9873299,150.4421686,NSW
10007633,-33.9321167,151.2289667,NSW
10007640,-30.5206,150.0534,NSW
10007642,-30.9873299,150.4421686,NSW
10007649,-36.7191,149.9259,NSW
10007650,-32.2468,150.6234,NSW
10007672,-33.3537808,145.0300354,NSW
10007675,-34.69664,146.34222,NSW
10007719,-30.5039472,150.0554556,NSW
10007721,-30.2603,145.6973,NSW
10007726,-33.2377,145.5133,NSW
10007727,-30.5142,150.0554,NSW
10007732,-34.7434,146.28944,NSW
10007733,-33.91135,151.2173667,NSW
10007742,-34.719517,145.432524,NSW
10007798,-33.2566512,147.5064455,NSW
10007799,-30.5335372,150.0227333,NSW
10007800,-29.8576002,149.1472604,NSW
10007809,-33.3748882,145.5656662,NSW
10007810,-30.9133,150.2944,NSW
10007812,-34.452593,145.9676598,NSW
10007815,-33.3365801,145.7432794,NSW
10007817,-34.843673,146.0272101,NSW
10007829,-32.2511,150.6298,NSW
10007830,-35.6277,149.8037,NSW
10007840,-30.8281518,149.9583634,NSW
10007975,-30.666381,150.0614328,NSW
10007976,-34.6736638,145.6233507,NSW
10008122,-33.939383,151.213275,NSW
10008134,-32.5382696,149.9981142,NSW
10008249,-33.9061861,151.2270417,NSW
10008252,-32.263,150.6343,NSW
10008300,-30.1894,149.5448,NSW
10008306,-33.97295,151.1414167,NSW
10008359,-32.6244,149.6382,NSW
10008424,-33.4006,148.1656,NSW
10008439,-34.6736638,145.6233507,NSW
10008450,-33.8279194,142.0287194,NSW
10008496,-32.6955,151.0071,NSW
10008537,-32.5400955,142.1740301,NSW
10008576,-32.3955,150.5796,NSW
10008766,-34.62768,145.96701,NSW
10008784,-32.45599,150.15392,NSW
10008812,-31.0616,151.0537,NSW
10008892,-32.3296611,142.2836055,NSW
10009012,-34.6809453,146.228662,NSW
10009034,-35.1037285,147.4948138,NSW
10009057,-34.8595774,145.7469149,NSW
10009075,-29.4178733,149.6383614,NSW
10009122,-32.5079,149.5708,NSW
10009198,-30.2603,145.6973,NSW
10009228,-33.4778641,145.6525742,NSW
10009360,-35.6357,149.8213,NSW
10009363,-30.1826,147.5143,NSW
10009398,-30.2831528,149.4811417,NSW
10009401,-31.4252,150.5458,NSW
10009413,-30.1577,149.3089,NSW
10009414,-31.0779,150.4389,NSW
10009415,-34.7434,146.28944,NSW
10009417,-33.3581442,145.3388832,NSW
10009499,-33.2566512,147.5064455,NSW
10009502,-34.6654242,145.9076685,NSW
10009768,-33.3581442,145.3388832,NSW
10009912,-33.76395,142.2503166,NSW
10009942,-33.9407333,151.2013167,NSW
10009943,-34.0224,151.19785,NSW
10009949,-33.4515,148.0818,NSW
10010075,-29.4178733,149.6383614,NSW
10010183,-31.5812,143.494,NSW
10010185,-30.2551,145.6667,NSW
10010283,-30.2551,145.6667,NSW
10010331,-30.496,150.0824,NSW
10010351,-33.920444,151.221356,NSW
10010352,-34.0251167,151.1997833,NSW
10010373,-33.5628417,147.5339263,NSW
10010523,-33.4778641,145.6525742,NSW
10010526,-30.2853,145.7364,NSW
10010920,-33.5848787,145.2971507,NSW
10010943,-31.124,150.999,NSW
10011075,-33.4515,148.0818,NSW
10011076,-33.4515,148.0818,NSW
10011134,-29.4702059,150.1324098,NSW
10011136,-35.97685,146.54393,NSW
10011148,-33.5628417,147.5339263,NSW
10011379,-33.4029556,145.3201174,NSW
10011385,-31.1289,150.9919,NSW
10011863,-31.0665,151.0577,NSW
10012061,-30.2519,145.6791,NSW
10012368,-33.1422826,145.3467354,NSW
10012373,-33.1062213,145.3572707,NSW
10013192,-33.92515,151.1914,NSW
10013193,-33.98315,151.14245,NSW
10013491,-29.9633,146.3961,NSW
10013498,-33.3670013,145.1790051,NSW
10013901,-29.9726033,148.7492089,NSW
10014108,-30.4979,150.1568,NSW
10015038,-32.5261132,142.3031344,NSW
10015844,-29.9459361,148.8525404,NSW
10015869,-35.5326447,144.9723906,NSW
10016624,-34.6844583,144.2772249,NSW
10016706,-33.76594,147.4499263,NSW
10017363,-30.7764823,150.3778001,NSW
10017517,-33.5813611,142.4815444,NSW
10017786,-30.1634306,149.4555861,NSW
10017787,-29.3947184,149.8191712,NSW
10017789,-29.9031556,149.3272528,NSW
10017793,-29.4923148,150.131962,NSW
10017794,-29.4181499,149.9989045,NSW
10017795,-30.4671,150.0305,NSW
10018046,-32.2110055,142.6928555,NSW
10020352,-33.7588479,147.5300634,NSW
10020354,-32.7133777,142.0722277,NSW
10020656,-33.2105972,141.7620305,NSW
10021544,-35.109244,147.491412,NSW
10021709,-33.6034364,148.5319908,NSW
10022005,-35.1474138,143.5785583,NSW
10022277,-34.0740545,141.3385503,NSW
10022395,-32.3823861,142.4771805,NSW
10022966,-33.7638702,147.5175776,NSW
10022968,-33.7641172,141.7655046,NSW
10023156,-34.0740545,141.3385503,NSW
10023284,-33.2450892,147.385436,NSW
10024024,-29.9667707,148.6189334,NSW
10024502,-32.5285055,142.2219138,NSW
10024642,-33.6086392,148.531277,NSW
10024879,-33.9663622,147.5848169,NSW
10024915,-34.9864988,149.0112032,NSW
10024963,-34.0508836,141.3455443,NSW
10025202,-33.7569117,147.5500268,NSW
10025353,-32.6624861,142.1769638,NSW
10026693,-33.7569117,147.5500268,NSW
10026961,-32.6707722,142.4035916,NSW
10027169,-33.6086392,148.531277,NSW
10027174,-34.1554468,141.4797403,NSW
10027197,-29.2863895,149.6786229,NSW
10027278,-34.9544118,149.0266673,NSW
10027323,-34.9831653,149.0278695,NSW
10027422,-34.5665737,142.9457025,NSW
10027572,-35.0035393,149.0341021,NSW
10027872,-34.0967118,141.3034079,NSW
10027966,-34.1631192,141.5938625,NSW
10028608,-34.9864988,149.0109255,NSW
10028758,-34.1868724,141.5654221,NSW
10029257,-32.1409166,142.9146777,NSW
10029439,-34.983747,149.0359127,NSW
10029704,-34.0221627,141.0286552,NSW
10029874,-34.9542683,149.02662,NSW
10030626,-34.1631192,141.5938625,NSW
10031358,-33.9503699,141.2033452,NSW
10031988,-34.9831653,149.0278695,NSW
10033400,-34.0967118,141.3034079,NSW
10035523,-34.0689075,141.2957986,NSW
10037377,-34.6358416,142.9537724,NSW
10039692,-34.5480833,145.7269222,NSW
10039728,-34.5480833,145.7269222,NSW
10044116,-34.3301801,142.3538809,NSW
10046266,-34.8399916,146.0142888,NSW
10046275,-32.6023771,142.2455462,NSW
10046776,-34.8399916,146.0142888,NSW
10047577,-30.5573179,149.991693,NSW
10047579,-30.5142,150.0554,NSW
10047584,-29.9459361,148.8525404,NSW
10047697,-34.6807305,146.2117305,NSW
10048088,-35.107036,147.488131,NSW
10048191,-34.6807305,146.2117305,NSW
10048376,-34.8541777,145.2211222,NSW
10050394,-34.6807944,146.2117083,NSW
10052352,-32.2041461,142.5631714,NSW
10053237,-34.1106219,141.3463291,NSW
10053867,-29.9234364,148.7930968,NSW
10053995,-35.09954,147.468093,NSW
10054225,-34.1538503,142.1695619,NSW
10054677,-34.169523,142.1714814,NSW
10054883,-34.1766828,142.1629869,NSW
10054970,-34.6844333,144.2772277,NSW
10055031,-34.1766828,142.1629869,NSW
10055271,-34.3301627,142.3740778,NSW
10055391,-34.6806777,146.2117527,NSW
10055555,-29.3088836,149.8038919,NSW
10055697,-34.0500166,141.1579416,NSW
10056219,-35.099088,147.476863,NSW
10056266,-35.110163,147.254181,NSW
10056509,-35.103719,147.255267,NSW
10056755,-34.169523,142.1714814,NSW
10057419,-35.110079,147.254286,NSW
10057478,-35.099623,147.484944,NSW
10057764,-34.2829111,142.4301638,NSW
10057933,-34.9358472,146.0416888,NSW
10058319,-34.8400194,146.0142888,NSW
10058506,-35.12279,147.417679,NSW
10058539,-34.0957264,141.6243612,NSW
10058837,-34.9358472,146.0416888,NSW
10059026,-33.2645758,145.5276452,NSW
10059510,-32.3053945,142.4060836,NSW
10059552,-34.1490349,142.1571627,NSW
10059662,-32.2436183,142.5956025,NSW
10060341,-33.9033527,141.2824583,NSW
10060664,-33.861561,141.2826968,NSW
10061029,-32.3053945,142.4060836,NSW
10061447,-34.9358472,146.0416888,NSW
10062130,-34.1490349,142.1571627,NSW
10062201,-34.3397928,142.3701464,NSW
10062263,-35.103705,147.255234,NSW
10063471,-32.2436183,142.5956025,NSW
10063777,-35.0746249,147.2072972,NSW
10064737,-34.3397928,142.3701464,NSW
10065715,-34.8400194,146.0142888,NSW
10066254,-33.9750176,147.6204274,NSW
10067578,-34.76365,146.1039777,NSW
10067639,-34.2356027,142.4745277,NSW
10067802,-34.2356027,142.4745277,NSW
10068076,-34.9358472,146.0416888,NSW
10068716,-34.3327876,142.3748151,NSW
10069442,-34.100991,142.0419,NSW
10070105,-34.0459083,141.2936555,NSW
10070333,-34.3468206,142.3747184,NSW
10070597,-34.0509937,141.3448838,NSW
10071490,-34.0509937,141.3448838,NSW
10071816,-35.6587,149.8126,NSW
10072305,-34.3229895,142.3888062,NSW
10072346,-34.3221922,142.3520569,NSW
10072518,-34.2363666,142.4813027,NSW
10073095,-35.6389,149.8123,NSW
10073377,-33.3581442,145.3388832,NSW
10073802,-30.9320361,150.6436303,NSW
10074397,-34.0395499,141.2936138,NSW
10074689,-34.0522111,141.2933194,NSW
10075048,-34.0395499,141.2936027,NSW
10075401,-34.3311238,142.3590593,NSW
10075546,-34.1277182,141.481199,NSW
10075605,-30.9387008,150.8061262,NSW
10075741,-34.1247797,141.3862183,NSW
10075751,-32.3166797,142.4862857,NSW
10075806,-34.3300728,142.386847,NSW
10075950,-32.2225459,142.4831814,NSW
10075976,-32.2225459,142.4831814,NSW
10075985,-34.1666393,142.1589218,NSW
10076303,-34.1666393,142.1589218,NSW
10076353,-35.6587,149.8126,NSW
10076411,-34.0522111,141.2933305,NSW
10076876,-35.6389,149.8123,NSW
10077235,-34.0048982,141.401453,NSW
10077349,-34.1247797,141.3862183,NSW
10077394,-35.6389,149.7999,NSW
10077748,-33.9642416,141.3186055,NSW
10077793,-30.939537,150.5300214,NSW
10077915,-30.9344999,150.6420194,NSW
10077941,-34.1262993,141.4017113,NSW
10078040,-33.3957388,145.6710527,NSW
10078364,-32.429253,142.4844284,NSW
10078860,-34.6807944,146.2117083,NSW
10079073,-34.3466816,142.3750531,NSW
10079074,-34.0048982,141.401453,NSW
10079234,-35.0658014,145.3797645,NSW
10079236,-30.2628,145.6792,NSW
10079451,-34.3300728,142.386847,NSW
10079943,-35.6389,149.7999,NSW
10080367,-34.3265116,142.3787777,NSW
10080453,-32.3166797,142.4862857,NSW
10080477,-30.9384258,150.5297436,NSW
10081367,-34.1141022,141.4001573,NSW
10081831,-34.0438516,141.4790997,NSW
10081945,-34.0041128,141.3640892,NSW
10082610,-34.0253027,141.3315499,NSW
10082884,-34.0459083,141.2936444,NSW
10085114,-34.3327876,142.3748151,NSW
10085558,-34.1568575,142.1567271,NSW
10085576,-34.0907483,141.4793637,NSW
10085740,-34.0252944,141.3315499,NSW
10085776,-34.1568575,142.1567271,NSW
10085790,-34.0820091,141.4070517,NSW
10085791,-34.114418,141.4805815,NSW
10086901,-34.114418,141.4805815,NSW
10087332,-33.5915833,148.5970527,NSW
10087390,-34.3311555,142.3590042,NSW
10087725,-34.1092718,141.8150353,NSW
10087960,-34.1009018,142.0418352,NSW
10088198,-34.8147138,146.7246972,NSW
10088640,-34.2340111,142.4690777,NSW
10088681,-31.2114766,151.1002895,NSW
10090040,-34.5821485,150.5303416,NSW
10090097,-33.4889527,147.5364166,NSW
10090422,-35.0468249,147.1158333,NSW
10090591,-34.1722779,142.1634256,NSW
10090929,-31.2131433,151.099734,NSW
10091018,-31.2484204,151.1802886,NSW
10091135,-34.2340111,142.4690777,NSW
10091219,-33.5340687,147.9832387,NSW
10091529,-31.1575885,150.9372366,NSW
10091618,-34.1124782,141.812941,NSW
10091646,-33.5340687,147.9832387,NSW
10091968,-34.1132822,141.8127426,NSW
10092139,-31.2175876,151.1194558,NSW
10092215,-31.1261991,150.9916795,NSW
10092345,-34.142559,142.1592653,NSW
10092532,-34.0235555,141.3261643,NSW
10092540,-33.9675666,141.0489055,NSW
10092635,-34.6806777,146.2117527,NSW
10092642,-30.9133,150.2944,NSW
10092726,-30.9300892,150.8477917,NSW
10092727,-30.9664781,150.857792,NSW
10092898,-30.9434231,150.8052929,NSW
10093953,-33.5915833,148.5970527,NSW
10093975,-34.1092718,141.8150353,NSW
10095036,-34.1036749,142.0444372,NSW
10095097,-34.0235499,141.3261722,NSW
10095098,-34.0977851,142.0420628,NSW
10095163,-31.3036983,151.1505679,NSW
10095246,-36.7066,149.8869,NSW
10095684,-34.76365,146.1039777,NSW
10095686,-34.76365,146.1039777,NSW
10095735,-33.9657194,141.0446722,NSW
10095744,-36.7066,149.8869,NSW
10095986,-31.2642535,151.2027884,NSW
10096710,-33.9642527,141.3186055,NSW
10096711,-34.0982269,142.0382018,NSW
10097066,-31.3036984,151.145568,NSW
10097191,-31.1823099,151.0666787,NSW
10097407,-31.3036983,151.1539012,NSW
10097408,-33.5978777,148.5956611,NSW
10097516,-34.1357694,142.1604,NSW
10097522,-34.1357694,142.1604,NSW
10097562,-35.40259,146.08925,NSW
10097604,-34.1094824,141.8063528,NSW
10097606,-33.5978777,148.5956611,NSW
10097737,-36.6671,149.8424,NSW
10097895,-33.5915833,148.5970527,NSW
10097960,-31.3036984,151.1477902,NSW
10097961,-33.6039972,148.5946638,NSW
10098209,-34.1009018,142.0418352,NSW
10098242,-34.0982269,142.0382018,NSW
10098269,-33.9651388,141.3168249,NSW
10098456,-34.1036749,142.0444372,NSW
10098635,-31.1370325,150.9905687,NSW
10098644,-34.5017272,150.324736,NSW
10098670,-34.1099553,141.8139577,NSW
10099148,-34.09187,141.6907949,NSW
10099752,-30.9673114,150.8630697,NSW
10100151,-33.9651305,141.3168138,NSW
10100485,-33.6039972,148.5946638,NSW
10101139,-34.6345333,146.0909138,NSW
10101171,-34.7434,146.28944,NSW
10101172,-33.4778641,145.6525742,NSW
10101173,-30.2853,145.7364,NSW
10101221,-34.5017272,150.324736,NSW
10101245,-36.6671,149.8424,NSW
10101711,-33.7973855,141.9771298,NSW
10101810,-34.2621694,145.2999222,NSW
10101852,-30.9475898,150.8044597,NSW
10101853,-30.9312003,150.8483472,NSW
10101855,-32.4327,142.34917,NSW
10101894,-31.2028658,151.0264021,NSW
10101973,-34.9358472,146.0416888,NSW
10102194,-33.2643838,147.3642506,NSW
10102364,-33.4885335,148.0546001,NSW
10102403,-30.9659226,150.8519588,NSW
10102473,-31.0830913,150.911797,NSW
10102894,-34.2621694,145.2999222,NSW
10103445,-30.9662004,150.8539032,NSW
10103855,-33.2789048,147.5127929,NSW
10103977,-31.0139782,150.8511259,NSW
10104087,-33.4885335,148.0546001,NSW
10104746,-33.3469799,147.7032285,NSW
10105078,-33.8168299,142.0157407,NSW
10105159,-33.4885335,148.0546001,NSW
10106077,-35.963744,146.5459829,NSW
10106312,-34.3457188,142.3996335,NSW
10106363,-34.69664,146.34222,NSW
10106658,-31.1670331,150.9266813,NSW
10107011,-35.103183,147.391136,NSW
10107332,-36.0615184,146.9579218,NSW
10107688,-35.1683861,145.1228249,NSW
10107791,-33.2773466,147.4851989,NSW
10108058,-33.3469799,147.7032285,NSW
10108059,-33.2789048,147.5127929,NSW
10108502,-31.0811996,150.9130692,NSW
10108872,-31.2106436,151.0244578,NSW
10110653,-34.3457188,142.3996335,NSW
10110728,-34.2344444,142.4744694,NSW
10110750,-35.1683861,145.1228249,NSW
10111109,-33.4151081,148.1436971,NSW
10111227,-33.3939646,147.7805617,NSW
10111405,-33.277886,147.4290165,NSW
10111708,-35.7188672,146.8675684,NSW
10111837,-29.8371277,148.2722861,NSW
10111980,-34.923998,146.957102,NSW
10112250,-33.3145685,145.8412209,NSW
10112261,-30.9959218,150.9164016,NSW
10112504,-33.4151081,148.1436971,NSW
10112728,-30.9873299,150.4421686,NSW
10112738,-34.1666393,142.1589218,NSW
10112739,-34.0041128,141.3640892,NSW
10112887,-34.0939522,141.6829635,NSW
10112978,-31.063143,151.0558441,NSW
10113315,-33.3939646,147.7805617,NSW
10114741,-34.765644,146.54004,NSW
10114916,-29.5397027,148.6495833,NSW
10115628,-35.108287,147.466995,NSW
10115811,-33.2773466,147.4851989,NSW
10115997,-33.9396947,141.411351,NSW
10116359,-31.0820329,150.9127914,NSW
10116383,-31.1023106,150.9330693,NSW
10116406,-34.923998,146.957102,NSW
10116862,-33.3619813,145.5586352,NSW
10117518,-33.4151081,148.1436971,NSW
10117889,-35.7184617,146.8640295,NSW
10118246,-31.0017546,150.981956,NSW
10118430,-34.0911053,141.6904744,NSW
10118712,-33.2594766,145.8572557,NSW
10120782,-35.7184617,146.8640295,NSW
10121048,-34.1710199,142.1611194,NSW
10122054,-34.0911053,141.6904744,NSW
10122983,-34.328218,142.3899108,NSW
10123411,-34.0968411,141.6904884,NSW
10123980,-34.9680577,149.0328191,NSW
10124106,-34.329308,142.3827039,NSW
10124371,-34.329308,142.3827039,NSW
10125247,-34.3269345,142.3612458,NSW
10125366,-34.3259083,142.3725999,NSW
10125412,-34.3276626,142.3718555,NSW
10125695,-34.3279403,142.3785221,NSW
10125839,-33.9283351,141.3702584,NSW
10126281,-30.1634306,149.4555861,NSW
10126291,-34.593523,142.752835,NSW
10126625,-34.3333456,142.3933927,NSW
10127041,-34.5484481,142.8948533,NSW
10127269,-34.3246068,142.3732443,NSW
10127453,-31.105644,150.9319583,NSW
10128292,-34.3279403,142.3785221,NSW
10128310,-35.7148504,146.8790292,NSW
10128522,-33.4202456,145.5184618,NSW
10128762,-34.3293293,142.3787999,NSW
10128783,-33.4202456,145.5184618,NSW
10128877,-34.4980735,142.8110096,NSW
10128955,-34.3251624,142.3682444,NSW
10129019,-35.7206754,146.8641046,NSW
10129853,-34.4763706,142.8073482,NSW
10129909,-31.1103662,150.9289029,NSW
10130816,-34.3310507,142.3880805,NSW
10131106,-33.4202456,145.5184618,NSW
10131121,-34.7599867,146.5409854,NSW
10131787,-29.9201033,148.7592084,NSW
10131952,-29.9201033,148.7592084,NSW
10131954,-33.4374472,147.4465307,NSW
10132024,-33.4374472,147.4465307,NSW
10132168,-33.8205728,148.6271393,NSW
10132231,-34.3332063,142.391368,NSW
10132276,-33.6703477,148.5830491,NSW
10132434,-34.3217861,145.7413611,NSW
10132583,-34.3217861,145.7413611,NSW
10132924,-33.6703477,148.5830491,NSW
10133715,-34.3294548,142.3784781,NSW
10133717,-31.1792543,151.067512,NSW
10133899,-34.2284194,142.4781166,NSW
10134301,-34.3180722,142.3538555,NSW
10134368,-31.1792543,151.067512,NSW
10134599,-34.3258888,142.3725999,NSW
10134994,-33.4125479,147.8137225,NSW
10135056,-31.1775876,151.0680675,NSW
10135303,-34.5870138,142.8946608,NSW
10135351,-34.2284194,142.4781166,NSW
10135427,-34.3180722,142.3538555,NSW
10135444,-34.3317031,142.3855478,NSW
10135513,-34.2489999,142.4574194,NSW
10136463,-34.1283728,142.1877058,NSW
10136654,-34.2343499,142.4733777,NSW
10136656,-33.9283921,141.3507838,NSW
10136725,-35.4905111,144.6755444,NSW
10136735,-34.3304798,142.3732632,NSW
10137023,-34.6265999,145.9593527,NSW
10137035,-33.3958675,145.5518718,NSW
10137198,-33.3449888,145.7473138,NSW
10137230,-35.102165,147.494109,NSW
10137232,-29.9878854,148.7419863,NSW
10137233,-30.210375,149.5386417,NSW
10137253,-34.6194623,145.3953613,NSW
10137469,-33.4370859,148.2229741,NSW
10137626,-33.4415415,147.4806135,NSW
10137637,-30.1894,149.5448,NSW
10137731,-33.3232262,147.6357694,NSW
10137774,-29.5101024,149.8583521,NSW
10137801,-34.5480833,145.7269333,NSW
10137830,-34.169523,142.1714814,NSW
10138061,-33.4125479,147.8137225,NSW
10138119,-33.9558474,141.3687539,NSW
10138121,-34.5087659,142.7655045,NSW
10138397,-34.1277182,141.481199,NSW
10138398,-33.4889527,147.5364166,NSW
10138545,-29.9201033,148.7592084,NSW
10138667,-33.6086392,148.531277,NSW
10138707,-33.3939646,147.7805617,NSW
10138768,-33.4374472,147.4465307,NSW
10138783,-33.5978777,148.5956611,NSW
10138786,-33.2594766,145.8572557,NSW
10138803,-35.7184617,146.8640295,NSW
10138821,-35.7148504,146.8790292,NSW
10138829,-33.4515,148.0818,NSW
10138842,-35.6641035,145.3456237,NSW
10138847,-34.1766828,142.1629869,NSW
10138979,-34.2621694,145.2999222,NSW
10139069,-33.4125479,147.8137225,NSW
10139289,-30.496,150.0824,NSW
10139292,-34.2829111,142.4301638,NSW
10139325,-31.071066,150.374153,NSW
10139415,-34.1568575,142.1567271,NSW
10139416,-34.0907483,141.4793637,NSW
10139417,-33.6039972,148.5946638,NSW
10139563,-34.9679407,149.0328052,NSW
10139592,-35.4905111,144.6755444,NSW
10139597,-34.3304798,142.3732632,NSW
10139642,-33.5537296,142.2005363,NSW
10139783,-33.3958675,145.5518718,NSW
10139787,-33.4885335,148.0546001,NSW
10139788,-33.3469799,147.7032285,NSW
10139830,-34.7419916,145.9577777,NSW
10139849,-34.8400194,146.0142888,NSW
10139851,-33.5340687,147.9832387,NSW
10139852,-34.6345333,146.0909138,NSW
10139854,-33.6703477,148.5830491,NSW
10139884,-34.0438516,141.4790997,NSW
10140061,-34.765644,146.54004,NSW
10140062,-34.1141022,141.4001573,NSW
10140088,-35.8901333,146.4384834,NSW
10140118,-34.923998,146.957102,NSW
10140993,-33.1257532,147.1281275,NSW
10142806,-29.9234364,148.7930968,NSW
10142992,-29.9234364,148.7930968,NSW
10143466,-34.8404333,146.0141638,NSW
10144100,-34.8240805,145.9817833,NSW
10145015,-34.2336077,142.4639988,NSW
10145107,-35.0496361,144.1059027,NSW
10145270,-35.0496361,144.1059027,NSW
10145447,-34.7018277,145.2665861,NSW
10145787,-34.8227388,145.9704388,NSW
10145788,-34.8240805,145.9817833,NSW
10146405,-34.3191861,142.3881083,NSW
10146630,-33.4465719,147.515124,NSW
10146825,-33.4465719,147.515124,NSW
10147394,-35.107036,147.488131,NSW
10147943,-35.107036,147.488131,NSW
10148342,-34.8404333,146.0141638,NSW
10150180,-34.6199361,146.3528916,NSW
10150506,-34.6199361,146.3528916,NSW
10151281,-35.7123837,146.8757709,NSW
20142530,-35.0550828,143.0591465,VIC
20142561,-38.3802909,142.8664872,VIC
20142721,-38.3579562,142.2512362,VIC
20142722,-38.296896,142.4036138,VIC
20142763,-35.7276346,144.1934135,VIC
20142764,-35.8923238,144.3756683,VIC
20142772,-36.4352198,145.2372392,VIC
20142773,-36.2825123,145.0248234,VIC
20142818,-36.429683,146.6147477,VIC
20142922,-36.2345443,146.4544067,VIC
20142927,-37.9272086,144.6925515,VIC
20142968,-36.5931927,144.591269,VIC
20143006,-36.3678608,144.9719173,VIC
20143007,-36.3678608,144.9719173,VIC
20143068,-38.23074,143.5391729,VIC
20143077,-37.6852001,144.4435309,VIC
20143085,-36.4325274,145.2315427,VIC
20143164,-36.4184265,144.9377871,VIC
20143220,-37.2147388,143.8636078,VIC
20143232,-38.4380157,142.6884347,VIC
20143233,-38.2723946,143.5196201,VIC
20143235,-37.6634086,144.4466382,VIC
20143438,-36.4303672,145.2300863,VIC
20143439,-37.9234022,147.6185669,VIC
20143589,-36.423517,145.178432,VIC
20143612,-36.3104584,144.7966633,VIC
20143615,-36.1967234,144.7122343,VIC
20143633,-37.5948752,144.0624364,VIC
20143679,-36.49905,145.3970674,VIC
20143691,-37.9412081,144.6715617,VIC
20143693,-36.382696,144.6028641,VIC
20143694,-36.4067074,144.5626014,VIC
20143701,-36.0811595,145.7149023,VIC
20144015,-36.1526701,147.9609351,VIC
20144263,-37.5357607,144.0856865,VIC
20144314,-37.9893338,146.9185111,VIC
20144631,-37.8120022,145.4421285,VIC
20145655,-36.4655468,145.3309496,VIC
20145663,-35.8185057,144.2951544,VIC
20145664,-35.7754353,144.22532,VIC
20145665,-35.8494678,144.3504426,VIC
20145709,-36.4285186,146.6544886,VIC
20145711,-36.4354634,146.6739815,VIC
20145755,-36.2701868,144.5937606,VIC
20145775,-36.3629387,145.346254,VIC
20145780,-36.2494403,145.3846551,VIC
20145809,-36.4534801,144.9699895,VIC
20145875,-35.976,145.2910473,VIC
20145896,-37.5106279,144.0635911,VIC
20145914,-37.3958472,143.8691438,VIC
20145921,-36.4391873,145.5178951,VIC
20145941,-36.1983206,144.5355389,VIC
20146021,-35.9677543,145.2720586,VIC
20146025,-36.2715169,145.0252651,VIC
20146079,-37.9715389,144.6938502,VIC
20146099,-36.2404403,144.5923598,VIC
20146100,-36.2476231,144.4335437,VIC
20146107,-37.3996809,143.7913691,VIC
20146112,-36.9922138,141.2870015,VIC
20146527,-38.1849556,143.560267,VIC
20146555,-36.3844323,145.2973846,VIC
20146556,-35.7399152,144.1838898,VIC
20146590,-36.1163796,145.0900831,VIC
20146598,-36.5576213,145.2742598,VIC
20146695,-36.4169755,145.4626587,VIC
20146702,-36.4577557,144.7989961,VIC
20146713,-38.3346962,143.0103809,VIC
20146718,-36.4499926,144.3204925,VIC
20146776,-35.9531388,145.3142383,VIC
20146802,-35.9972173,145.4002588,VIC
20146869,-36.2401661,144.6180613,VIC
20146873,-38.4084117,142.5663653,VIC
20146970,-36.5576218,145.2740364,VIC
20146996,-36.4152327,145.5134965,VIC
20147007,-36.4555023,144.7787415,VIC
20147028,-38.1830734,143.5164718,VIC
20147030,-37.6740382,144.4459936,VIC
20147034,-36.4131598,145.5134826,VIC
20147059,-38.1655836,143.4865757,VIC
20147076,-36.249486,145.3704129,VIC
20147080,-36.4599669,144.823436,VIC
20147082,-36.4219355,144.9683401,VIC
20147123,-36.2976093,144.4082362,VIC
20147146,-36.4096624,145.0691299,VIC
20147166,-36.7054636,140.9695359,VIC
20147167,-37.9128503,141.8413726,VIC
20147170,-36.2161761,145.5458717,VIC
20147174,-36.1236092,145.653085,VIC
20147181,-36.366448,145.1313846,VIC
20147186,-36.4061088,145.2746787,VIC
20147191,-36.4115242,144.8903038,VIC
20147219,-38.3961775,142.8630581,VIC
20147237,-38.271654,142.3864266,VIC
20147255,-37.354624,143.7917471,VIC
20147256,-35.0636888,143.3214316,VIC
20147270,-36.4260993,144.9681488,VIC
20147350,-36.0617773,145.6540056,VIC
20147374,-36.4169817,144.9837195,VIC
20147398,-36.3701541,141.1940005,VIC
20147412,-35.1790535,141.2899113,VIC
20147444,-37.8209535,145.4335485,VIC
20147451,-37.9431134,144.6764454,VIC
20147462,-36.3362469,145.4323199,VIC
20147559,-37.9412979,144.6714475,VIC
20147560,-35.9244786,145.660713,VIC
20147564,-36.2466276,145.4825657,VIC
20147565,-36.1913576,145.5335768,VIC
20147577,-36.4505687,144.9688415,VIC
20147578,-36.440072,144.9510322,VIC
20147581,-36.4116632,144.9050665,VIC
20147607,-36.2356372,144.433743,VIC
20147608,-36.2697004,144.6097902,VIC
20147609,-36.2550917,144.7803403,VIC
20147611,-36.4409806,144.6829878,VIC
20147643,-36.455006,144.9512458,VIC
20147656,-37.8863096,141.6633315,VIC
20147660,-36.2162182,145.5561044,VIC
20147661,-36.4260109,145.5219328,VIC
20147674,-36.4245369,144.9376595,VIC
20147675,-36.411252,144.9219931,VIC
20147684,-36.2698872,144.9838952,VIC
20147685,-36.4320776,145.2310952,VIC
20147714,-36.247377,144.3845879,VIC
20147715,-36.2978726,144.6555192,VIC
20147753,-36.3615737,145.3683669,VIC
20147756,-36.3731481,145.182606,VIC
20147757,-36.3956798,145.3079964,VIC
20147768,-36.4074314,145.4602598,VIC
20147776,-36.4827196,145.1141728,VIC
20147780,-37.8648977,144.6404389,VIC
20147810,-36.2236852,144.8073477,VIC
20147813,-36.1909734,146.2517218,VIC
20147874,-35.1320928,140.9875311,VIC
20147880,-36.3457234,145.3760005,VIC
20154102,-36.1289374,144.6453965,VIC
20154153,-36.370616,144.6295615,VIC
20154162,-37.7676728,145.4418691,VIC
20154272,-37.2148289,143.8636065,VIC
20154284,-38.2792828,143.5831437,VIC
20154306,-36.2847171,145.0993523,VIC
20154318,-35.9684156,145.0596449,VIC
20154362,-36.4659361,146.6200623,VIC
20154365,-36.4706238,146.3860755,VIC
20154436,-36.6347914,144.80494,VIC
20154450,-36.4391873,145.5178951,VIC
20154587,-38.1655836,143.4865757,VIC
20154588,-38.2121323,143.5426179,VIC
20154654,-36.5147809,144.8003654,VIC
20154665,-36.4404134,145.0227551,VIC
20154671,-36.4035529,144.9837223,VIC
20154691,-37.5845456,144.0326703,VIC
20154713,-36.0536972,145.5418387,VIC
20154734,-37.5332284,144.0274409,VIC
20154797,-35.9531388,145.3142383,VIC
20154801,-36.6618486,144.8489802,VIC
20154853,-36.4239771,145.3384657,VIC
20154952,-36.5156456,144.8349759,VIC
20154987,-36.3463684,145.3715473,VIC
20155026,-36.9401624,145.1432615,VIC
20155029,-37.8371345,145.391947,VIC
20155030,-35.1804303,141.0690774,VIC
20155161,-38.5131742,142.7419545,VIC
20155171,-37.48313,143.9742554,VIC
20155194,-35.8203637,144.2747769,VIC
20155217,-36.0879136,145.3630872,VIC
20155244,-35.938985,145.677128,VIC
20155275,-36.5608282,144.7961344,VIC
20155378,-36.2835775,144.9332095,VIC
20155402,-35.9826844,145.1333942,VIC
20155425,-36.2283034,146.4590505,VIC
20155428,-36.232842,146.4579459,VIC
20155432,-36.3156365,146.2810561,VIC
20155462,-36.2543625,144.7328277,VIC
20155474,-35.9827341,145.5094065,VIC
20155485,-36.4412681,145.0295373,VIC
20155575,-38.3462341,142.7863408,VIC
20155576,-38.346144,142.7863434,VIC
20155627,-36.5933795,144.593168,VIC
20155653,-36.1964969,147.7632047,VIC
20155655,-36.4441395,146.6260182,VIC
20155678,-36.2673728,145.0155812,VIC
20155687,-36.2694375,145.0074013,VIC
20155749,-36.4850402,144.6784534,VIC
20155911,-36.5461482,144.8314142,VIC
20155929,-36.7069573,145.1823378,VIC
20155955,-37.1841982,143.4045834,VIC
20155958,-36.5147616,143.6495196,VIC
20155968,-36.0440394,146.4813549,VIC
20155995,-36.0245161,145.1884949,VIC
20156016,-36.2091148,144.530247,VIC
20156040,-36.8780831,141.1808361,VIC
20156045,-37.9644571,144.6731674,VIC
20156219,-36.4320776,145.2310952,VIC
20156221,-36.1729185,145.6005899,VIC
20156278,-36.4526524,144.9481236,VIC
20156293,-36.4593958,144.8153929,VIC
20156328,-38.1375887,143.4814355,VIC
20156335,-36.1630763,144.7001338,VIC
20156364,-36.2758178,144.7352021,VIC
20156402,-34.9479711,143.1324991,VIC
20156414,-36.4330135,145.2408238,VIC
20156426,-36.4040284,145.4991506,VIC
20156471,-35.9447966,145.674264,VIC
20156474,-36.5576218,145.2740364,VIC
20156482,-36.0114689,145.4468109,VIC
20156484,-34.9324661,143.1659133,VIC
20156498,-36.3450886,145.1037973,VIC
20156503,-36.4169817,144.9837195,VIC
20156549,-34.8184025,143.05134,VIC
20156560,-36.2652705,145.4657659,VIC
20156594,-36.0960286,145.6534071,VIC
20156606,-36.2552994,144.6754055,VIC
20156608,-36.4930794,144.6469201,VIC
20156630,-35.9987042,145.823166,VIC
20156663,-36.4529314,145.2961991,VIC
20156674,-36.0178323,145.5965012,VIC
20156709,-36.1089052,144.5806144,VIC
20156729,-38.1611642,143.4933973,VIC
20156743,-35.8482465,145.5147215,VIC
20156744,-36.4509073,141.1975943,VIC
20156757,-36.3435628,145.2890162,VIC
20156764,-36.4090611,144.9354755,VIC
20156766,-36.1293758,145.6533559,VIC
20156768,-35.9331166,145.1335304,VIC
20156781,-36.2359331,145.492578,VIC
20156827,-37.4022356,143.9674405,VIC
20156834,-36.8047409,141.0109708,VIC
20156836,-36.3460241,145.4901961,VIC
20156848,-36.2987332,145.117207,VIC
20156849,-36.4045737,145.3318134,VIC
20156853,-36.2905721,145.0048094,VIC
20156864,-36.1854681,145.5596629,VIC
20156879,-35.1831262,141.1848243,VIC
20156886,-37.3351945,144.0109008,VIC
20156990,-36.3730384,144.7240573,VIC
20157009,-36.3943402,145.0703424,VIC
20157015,-37.7075221,148.4231965,VIC
20157024,-37.914837,141.578201,VIC
20157025,-36.9688756,144.4085397,VIC
20157030,-36.4091578,145.4589879,VIC
20157042,-36.4437503,145.0003346,VIC
20157051,-36.3970883,145.4547353,VIC
20157081,-37.9272987,144.6925512,VIC
20157085,-36.3972357,144.9525087,VIC
20164269,-36.2845605,145.0657115,VIC
20164294,-36.6918994,145.2370263,VIC
20164306,-36.4972492,145.2258214,VIC
20165593,-36.0698895,145.6538522,VIC
20165604,-36.012308,145.360181,VIC
20165638,-35.0962415,141.1588909,VIC
20165653,-36.1990236,145.2249486,VIC
20165673,-36.5933791,144.5930563,VIC
20165833,-36.4972492,145.2258214,VIC
20165915,-38.3109673,142.3014523,VIC
20165919,-38.2432772,143.5857653,VIC
20165931,-35.9826844,145.1333942,VIC
20166031,-38.2268727,143.4389704,VIC
20166075,-37.938849,144.699671,VIC
20166104,-36.0684224,145.8539928,VIC
20166109,-37.9540688,144.6971072,VIC
20166132,-36.7300127,145.1928055,VIC
20166133,-36.7523607,145.1946538,VIC
20166134,-37.7989539,145.4376236,VIC
20166480,-36.296851,144.7975899,VIC
20166481,-36.296851,144.7975899,VIC
20166496,-36.2866417,144.9330955,VIC
20166664,-36.4325274,145.2315427,VIC
20166719,-36.4605656,146.6394885,VIC
20166748,-37.0774222,144.160469,VIC
20166758,-36.4148028,144.9366639,VIC
20167064,-38.4909129,142.8052151,VIC
20167068,-38.4084117,142.5663653,VIC
20168151,-36.4177087,146.6578473,VIC
20168246,-36.2089324,144.9029139,VIC
20168270,-36.2236383,145.076082,VIC
20168367,-37.5250048,143.9920186,VIC
20168380,-36.4820462,144.7895131,VIC
20168412,-37.6874663,148.389727,VIC
20168483,-37.7926793,145.4026164,VIC
20168534,-36.470338,146.6367952,VIC
20168565,-36.490498,145.2214485,VIC
20168635,-38.3439053,142.3565613,VIC
20168651,-36.3350101,145.3722723,VIC
20168661,-36.180581,144.673941,VIC
20168935,-36.3986772,144.9512815,VIC
20168936,-36.117415,145.6321495,VIC
20168964,-36.4208624,144.9428257,VIC
20168986,-37.3702662,143.7968055,VIC
20169056,-37.5184446,145.3585099,VIC
20169081,-36.4824575,145.1052439,VIC
20169090,-36.2070684,144.536932,VIC
20169187,-35.8185057,144.2951544,VIC
20169197,-36.0458783,145.1867714,VIC
20169248,-36.4206697,145.4629039,VIC
20169249,-36.2554885,145.2045827,VIC
20169251,-36.3970318,144.9115951,VIC
20169252,-36.3970318,144.9115951,VIC
20169280,-36.1806538,144.7012884,VIC
20169281,-36.2534937,144.747519,VIC
20169305,-36.461278,144.8601522,VIC
20169307,-36.4185206,144.9459275,VIC
20169336,-36.2579535,144.628211,VIC
20169384,-36.4236831,145.187577,VIC
20169412,-38.2864117,143.4803666,VIC
20169427,-36.6032701,144.0101606,VIC
20169428,-36.9062195,141.1947045,VIC
20169444,-38.085035,147.4675261,VIC
20169551,-36.1549713,145.6534614,VIC
20169560,-37.3501405,143.8866442,VIC
20169601,-38.2257567,143.4224331,VIC
20169631,-36.4181412,145.5283472,VIC
20169637,-36.4388721,145.4402586,VIC
20169641,-36.4385225,145.2526422,VIC
20169696,-37.2059288,144.0400944,VIC
20169745,-35.9659474,145.4490979,VIC
20169788,-36.2967656,144.8003735,VIC
20169795,-36.264395,145.0330531,VIC
20169818,-35.9975792,145.1097969,VIC
20169836,-35.7213323,144.168613,VIC
20169921,-36.1909734,146.2517218,VIC
20169926,-36.214852,146.4188308,VIC
20169934,-36.4803531,146.6618772,VIC
20169963,-36.3974455,145.4999997,VIC
20169969,-36.0392607,145.797187,VIC
20169979,-36.4132782,144.9527218,VIC
20169981,-36.3145173,144.4767066,VIC
20169984,-36.3605364,144.7788138,VIC
20170033,-35.9811846,145.8776468,VIC
20170057,-37.8025323,145.4195888,VIC
20170068,-36.2970349,144.7997048,VIC
20170183,-37.4195377,143.9778262,VIC
20170212,-36.4303672,145.2300863,VIC
20170224,-35.8367265,144.2541482,VIC
20170299,-36.5147809,144.8003654,VIC
20170316,-36.0371813,145.3605188,VIC
20170346,-38.2418204,143.4950915,VIC
20170359,-36.5143072,141.1583629,VIC
20170380,-36.3420422,144.7271762,VIC
20170424,-35.9915031,145.2050491,VIC
20170427,-35.9331877,145.6821749,VIC
20170428,-36.2160899,145.6004811,VIC
20170433,-36.2917613,145.441745,VIC
20170435,-36.3732038,145.1928927,VIC
20170436,-36.367927,145.3125101,VIC
20170438,-36.4117973,144.9460549,VIC
20170453,-36.7393629,141.311588,VIC
20170463,-36.1970037,144.8696823,VIC
20170465,-36.2699453,144.4657679,VIC
20170480,-36.4400308,145.0386053,VIC
20170486,-36.0246935,145.7370137,VIC
20170500,-36.005202,145.2049745,VIC
20170501,-34.9340988,143.2243062,VIC
20170525,-36.4519698,144.9539364,VIC
20170526,-36.4481559,144.9810244,VIC
20170527,-36.4260373,144.9463683,VIC
20170528,-36.4260527,144.9407475,VIC
20170529,-36.4102098,144.9433577,VIC
20170531,-36.1809305,145.5471788,VIC
20170569,-36.4867665,144.6640593,VIC
20170571,-36.4318153,144.6306052,VIC
20170623,-36.3836814,145.1381352,VIC
20170632,-36.4223879,144.9478429,VIC
20170635,-36.4237716,144.9390988,VIC
20170637,-36.3797732,145.433679,VIC
20170668,-36.5596487,144.5864201,VIC
20170686,-36.3634833,144.7233115,VIC
20170687,-35.9326808,145.6605614,VIC
20170705,-35.9539276,145.5421379,VIC
20170707,-36.3480545,145.432052,VIC
20170709,-36.4024658,145.4624599,VIC
20170722,-36.4393983,145.0432117,VIC
20170762,-36.3424856,144.7240554,VIC
20170791,-36.374152,145.0702125,VIC
20170846,-36.3145173,144.4767066,VIC
20170881,-37.0817083,144.1676209,VIC
20170885,-35.9893609,142.5825806,VIC
20170886,-35.063948,143.3206589,VIC
20170891,-36.4091355,145.4623885,VIC
20170903,-36.3717811,145.2321401,VIC
20170917,-36.4229155,144.9392221,VIC
20170918,-36.451938,144.9429923,VIC
20170924,-36.2980328,144.9496305,VIC
20170975,-36.0394598,145.5604925,VIC
20170999,-36.311086,145.4241944,VIC
20171004,-36.3616337,145.1327358,VIC
20171010,-36.4490623,144.9643018,VIC
20171051,-36.3939945,145.4622976,VIC
20171077,-36.8464102,145.1617006,VIC
20171078,-35.9512786,145.6863247,VIC
20171092,-36.3459114,145.4737069,VIC
20171119,-36.4128206,144.9377805,VIC
20171141,-36.4091355,145.4623885,VIC
20171142,-36.4206697,145.4629039,VIC
20171159,-36.4240398,145.2802519,VIC
20171206,-36.4163058,145.0672179,VIC
20174468,-38.3791523,142.7297402,VIC
20174606,-36.3350101,145.3722723,VIC
20174727,-36.4248187,144.9423098,VIC
20174800,-38.3894282,142.6313205,VIC
20174814,-36.7301182,145.2342334,VIC
20174815,-37.8224356,145.4470738,VIC
20174841,-35.9677543,145.2720586,VIC
20174931,-38.3176436,142.7122742,VIC
20174932,-38.3411321,142.3084899,VIC
20175003,-36.2154014,147.7812729,VIC
20175058,-36.4181518,144.9475112,VIC
20175063,-36.4386254,145.2864399,VIC
20175086,-36.3970118,145.4511674,VIC
20175087,-36.3967879,145.4624258,VIC
20175093,-36.4481655,145.0152831,VIC
20175126,-38.3579562,142.2512362,VIC
20175127,-38.3150183,142.3419102,VIC
20175188,-37.1881866,143.3855512,VIC
20175227,-36.561537,144.9564291,VIC
20175245,-36.6918994,145.2370263,VIC
20175253,-36.1309195,145.5827096,VIC
20175291,-36.5944652,144.5943917,VIC
20175391,-36.2091148,144.530247,VIC
20175421,-36.1782069,145.5514061,VIC
20175430,-35.9978693,145.4444033,VIC
20175559,-36.4580717,146.6223403,VIC
20175589,-36.490498,145.2214485,VIC
20175662,-38.2690559,143.4900886,VIC
20175722,-36.4615882,144.8800009,VIC
20175745,-36.4146277,144.9470342,VIC
20175747,-36.423188,144.9435712,VIC
20175748,-36.4105648,144.9329878,VIC
20175752,-35.9066396,145.4953912,VIC
20175774,-35.0833259,142.2930255,VIC
20175781,-36.4940784,145.238738,VIC
20176022,-36.3038768,146.3231429,VIC
20176035,-36.1435334,146.2968365,VIC
20176060,-36.3972447,145.4372334,VIC
20176090,-36.4377086,145.2927943,VIC
20176222,-36.356505,144.7461784,VIC
20176229,-36.2573631,144.7447243,VIC
20176257,-36.1991139,145.2248377,VIC
20176280,-37.4688199,145.2811708,VIC
20176322,-36.0822803,146.3336947,VIC
20176413,-36.392508,145.4953971,VIC
20176435,-37.5146924,144.0308463,VIC
20176496,-36.7751766,144.3084764,VIC
20176505,-36.4765582,144.04438,VIC
20176562,-36.234657,144.9827567,VIC
20176569,-36.0533955,145.528962,VIC
20176584,-36.2265252,145.071413,VIC
20176594,-37.6860074,144.4624598,VIC
20176739,-36.392508,145.4953971,VIC
20176754,-36.1551023,145.6124538,VIC
20176759,-37.0784702,141.1828424,VIC
20176788,-36.0117368,145.8777716,VIC
20176801,-36.3844394,145.5310363,VIC
20176810,-36.2158748,145.5329679,VIC
20176817,-36.1427036,144.6984351,VIC
20176985,-38.341975,142.4598315,VIC
20177020,-35.9819873,145.2332993,VIC
20177065,-36.4235093,146.6258275,VIC
20177096,-36.0991902,146.178756,VIC
20177137,-36.4131813,144.9381148,VIC
20177147,-37.9605083,144.7146056,VIC
20177171,-35.7754353,144.22532,VIC
20177208,-36.2716932,144.6128075,VIC
20177228,-36.4102111,144.9462567,VIC
20177230,-35.9539659,145.6891196,VIC
20177244,-35.8982137,145.211891,VIC
20177249,-36.1292478,145.6439116,VIC
20177255,-36.4041073,145.2936364,VIC
20177274,-36.345326,145.3873622,VIC
20177279,-36.1243663,145.6129877,VIC
20177300,-36.3246907,145.4127639,VIC
20177329,-37.9425184,144.727188,VIC
20177357,-35.0833285,142.2931351,VIC
20177361,-35.0771141,141.0752569,VIC
20177382,-36.2749938,145.033091,VIC
20177386,-36.4437768,145.0111549,VIC
20177397,-36.4062773,145.5001686,VIC
20177492,-36.3730328,145.0862933,VIC
20177511,-36.4168593,145.4692371,VIC
20177513,-36.4105773,144.9605286,VIC
20177515,-36.4165211,144.948817,VIC
20177603,-36.0171811,145.7969594,VIC
20177604,-36.0171811,145.7969594,VIC
20177610,-36.4827674,144.7896228,VIC
20177615,-35.0520226,140.9748588,VIC
20177627,-36.4724816,145.3196752,VIC
20177670,-36.343518,144.7261684,VIC
20177672,-38.1874986,143.5925227,VIC
20177674,-37.9200635,144.6820035,VIC
20177687,-36.0392607,145.797187,VIC
20177701,-34.8860573,143.2293305,VIC
20177702,-35.9506999,145.6616019,VIC
20177707,-36.1548371,145.6925797,VIC
20177710,-36.3161409,145.4195114,VIC
20177711,-36.2314276,145.4945294,VIC
20177718,-36.3435996,145.2923251,VIC
20177719,-36.3803536,145.1321551,VIC
20177720,-36.4986342,145.2409848,VIC
20177805,-35.9877439,145.6611424,VIC
20177809,-36.1127038,145.6531039,VIC
20177817,-36.3463684,145.3715473,VIC
20177819,-36.3246907,145.4127639,VIC
20177829,-36.4789215,145.3309848,VIC
20177838,-36.1456112,145.6003775,VIC
20177840,-36.42152,145.5385186,VIC
20177879,-36.1631045,144.6767934,VIC
20177900,-35.9409277,145.6840163,VIC
20177914,-35.9667278,145.5607418,VIC
20177917,-35.2584513,141.1501374,VIC
20177919,-36.1749667,145.335484,VIC
20177920,-36.4200836,145.5372819,VIC
20177929,-36.3717229,145.2153117,VIC
20177935,-36.4434431,145.0136536,VIC
20177944,-36.2693505,145.461884,VIC
20177965,-36.1059439,145.6531578,VIC
20177984,-36.2694314,144.6383951,VIC
20178013,-36.4098988,144.8155786,VIC
20178015,-37.839492,141.8285286,VIC
20178023,-36.3458637,145.1037538,VIC
20178038,-36.4122134,144.9317152,VIC
20178039,-36.4827196,145.1141728,VIC
20178291,-36.053127,145.71542,VIC
20178358,-35.9699492,145.6358231,VIC
20178375,-36.371826,144.97069,VIC
20178429,-36.4563232,144.9206755,VIC
20178451,-36.2731153,144.834382,VIC
20178511,-36.5489642,144.8976921,VIC
20178523,-36.3361873,144.6919965,VIC
20178578,-35.9551495,145.5311726,VIC
20178608,-35.8993133,145.6318095,VIC
20178609,-36.6608745,145.2000148,VIC
20178655,-36.2168986,144.9659663,VIC
20178657,-36.2852808,145.0812635,VIC
20178699,-36.4006819,145.135791,VIC
20178729,-35.8455521,144.3594414,VIC
20178742,-36.2841258,145.0234993,VIC
20178776,-36.4109336,144.9316383,VIC
20178793,-36.4820462,144.7895131,VIC
20178801,-36.4103099,144.9706753,VIC
20178827,-36.0564219,145.4518434,VIC
20178974,-36.561537,144.9564291,VIC
20179008,-36.4467471,146.6433778,VIC
20179009,-37.2095214,143.3882653,VIC
20179037,-36.4583105,144.8247228,VIC
20179051,-36.7524508,145.194654,VIC
20179063,-36.0820578,145.6536221,VIC
20179067,-36.4547717,144.9330162,VIC
20179068,-36.4535687,144.9417415,VIC
20179181,-36.3063976,145.0129166,VIC
20179265,-38.3778059,142.7300099,VIC
20179288,-36.3523663,145.1425023,VIC
20179394,-36.4241085,144.9460128,VIC
20179430,-36.3459114,145.4737069,VIC
20179432,-36.4201955,145.5324874,VIC
20179437,-36.4051666,144.9520579,VIC
20179655,-36.0254295,145.8163497,VIC
20179671,-37.8316969,145.4275893,VIC
20179764,-36.4224633,144.9362449,VIC
20179767,-36.3929987,145.4634063,VIC
20179768,-36.3631835,144.7974155,VIC
20179806,-36.6634781,144.8476458,VIC
20179869,-37.1982468,144.0396617,VIC
20179916,-36.298208,145.1362785,VIC
20179925,-36.2807685,145.089496,VIC
20179968,-38.2307386,143.5390587,VIC
20179992,-36.4544647,144.7879151,VIC
20179994,-36.4192228,144.9441316,VIC
20179995,-36.2714293,145.0056763,VIC
20179997,-36.2718774,145.0252652,VIC
20180048,-36.3156365,146.2810561,VIC
20180085,-36.451938,144.9429923,VIC
20180123,-35.7399152,144.1838898,VIC
20180143,-38.3801968,142.8662609,VIC
20180150,-36.3262611,144.8152219,VIC
20180183,-36.0406321,145.4790495,VIC
20180204,-36.4610016,144.8346245,VIC
20180206,-36.4105646,144.9325418,VIC
20180207,-36.4260519,144.9603199,VIC
20180208,-36.3979079,144.9684169,VIC
20180216,-36.4040284,145.4991506,VIC
20180242,-36.2706071,144.6704438,VIC
20180283,-34.9899117,141.0171705,VIC
20180295,-36.3435582,145.2944973,VIC
20180301,-36.4132782,144.9527218,VIC
20180338,-36.1643699,144.6467786,VIC
20180343,-37.9210415,144.712594,VIC
20180366,-38.1654949,143.4866916,VIC
20180384,-35.0150323,142.9779852,VIC
20180385,-36.7667715,141.05959,VIC
20180394,-36.4425901,145.1994472,VIC
20180402,-36.4124062,145.5000969,VIC
20180404,-36.7377648,141.2436427,VIC
20180417,-36.2701266,144.5523577,VIC
20180440,-36.4229183,144.9449096,VIC
20180441,-36.4229183,144.9449096,VIC
20180454,-35.1119797,141.2068417,VIC
20180515,-36.2550645,144.7662083,VIC
20180560,-35.9829024,145.0945848,VIC
20180562,-35.9331166,145.1335304,VIC
20180567,-36.3472867,145.3746935,VIC
20180572,-36.430871,145.4096531,VIC
20180578,-36.423188,144.9435712,VIC
20180579,-36.4185883,144.9369953,VIC
20180595,-36.7377648,141.2436427,VIC
20180646,-37.564456,144.0222855,VIC
20180650,-37.9974836,141.71639,VIC
20180651,-37.8726226,141.729445,VIC
20180671,-36.4331873,144.934418,VIC
20180680,-35.9979791,145.4625928,VIC
20180694,-36.693385,141.0230407,VIC
20180739,-36.0530712,145.2449453,VIC
20180763,-36.2157118,145.567779,VIC
20180765,-36.8781187,144.7739515,VIC
20180783,-36.411516,144.9128942,VIC
20180785,-36.3992005,144.9895985,VIC
20180788,-36.0377562,145.2420118,VIC
20180846,-36.21867,145.3681517,VIC
20180852,-36.4372643,145.0594284,VIC
20180857,-36.2409481,145.1039242,VIC
20180864,-36.3956948,144.93445,VIC
20180865,-36.4243514,144.9284034,VIC
20180866,-36.4297703,144.9504477,VIC
20180869,-36.4437503,145.0003346,VIC
20180899,-36.093325,145.6533842,VIC
20180945,-36.4372019,145.2375799,VIC
20181033,-36.3918264,145.440101,VIC
20181046,-37.9790012,147.5477408,VIC
20181101,-37.8120022,145.4421285,VIC
20181183,-36.2967656,144.8003735,VIC
20181240,-38.1101507,143.5809705,VIC
20181247,-36.4372019,145.2375799,VIC
20181250,-35.9826844,145.1333942,VIC
20181297,-36.1885391,146.2560076,VIC
20181333,-37.5644569,144.0223987,VIC
20181366,-36.2694467,144.9973845,VIC
20181492,-36.3158025,145.1873144,VIC
20181541,-36.4158102,145.0153882,VIC
20181542,-38.2119153,143.5926361,VIC
20181548,-37.5106279,144.0635911,VIC
20181653,-35.9981722,145.2050668,VIC
20181687,-36.3583588,145.1189914,VIC
20181692,-36.4110252,144.9531692,VIC
20181697,-36.1630763,144.7001338,VIC
20181726,-38.4195685,142.8919366,VIC
20181728,-38.3819498,142.1856733,VIC
20181781,-36.0918085,146.1921248,VIC
20181840,-38.1110616,143.566585,VIC
20181842,-37.973795,144.6953207,VIC
20181853,-36.7069573,145.1823378,VIC
20181993,-36.21867,145.3681517,VIC
20181995,-36.180581,144.673941,VIC
20182015,-36.2832912,145.0906121,VIC
20182070,-36.5631227,144.9551769,VIC
20182108,-36.5931931,144.5913807,VIC
20182207,-36.2241071,145.0390423,VIC
20182235,-36.3939254,145.1332151,VIC
20182239,-36.400277,145.2238646,VIC
20182266,-35.839314,144.3724427,VIC
20182275,-36.1427036,144.6984351,VIC
20182276,-36.2825123,145.0248234,VIC
20182277,-36.3523663,145.1425023,VIC
20182296,-36.2554897,145.1986294,VIC
20182318,-36.4246002,144.9379383,VIC
20182353,-36.4098827,145.5000805,VIC
20182364,-36.6920797,145.2370268,VIC
20182367,-37.9644568,144.6730536,VIC
20182411,-36.7697193,144.3123346,VIC
20182417,-36.4824575,145.1052439,VIC
20182490,-36.009272,145.1323308,VIC
20182521,-36.5885218,144.8111261,VIC
20182585,-36.4424068,145.3228185,VIC
20182588,-36.1127038,145.6531039,VIC
20182673,-36.2531159,145.0652063,VIC
20182702,-37.6972831,148.3773451,VIC
20182723,-36.4160628,144.9335406,VIC
20182733,-37.7931459,145.4240784,VIC
20182809,-35.8203637,144.2747769,VIC
20182831,-37.9706408,147.4733428,VIC
20182875,-36.4035529,144.9837223,VIC
20182979,-36.4534801,144.9699895,VIC
20183088,-36.4325241,145.2332157,VIC
20183128,-36.2715169,145.0252651,VIC
20183242,-36.442036,145.0214839,VIC
20183245,-36.4524562,145.2688645,VIC
20183306,-37.8211184,145.4123091,VIC
20183334,-37.2059288,144.0400944,VIC
20183430,-38.3819472,142.185559,VIC
20183431,-38.2738928,142.340395,VIC
20183432,-38.2785595,142.4566057,VIC
20183436,-38.2307414,143.539287,VIC
20183474,-36.1368774,144.711124,VIC
20183484,-36.8689303,145.1694879,VIC
20183549,-37.5357607,144.0856865,VIC
20183553,-36.455767,144.9244917,VIC
20183599,-36.264395,145.0330531,VIC
20183643,-36.2235702,144.8523966,VIC
20183681,-36.3627433,145.4564268,VIC
20183684,-36.1176611,145.6530347,VIC
20183685,-36.4827196,145.1141728,VIC
20183688,-36.3272271,145.4091019,VIC
20183692,-36.2693134,145.0408459,VIC
20183705,-36.4093086,145.2968117,VIC
20183707,-36.1286922,145.6130221,VIC
20183709,-36.1277134,144.6871621,VIC
20183725,-36.1176611,145.6530347,VIC
20183748,-36.2241401,144.546618,VIC
20183796,-36.7491555,141.1463559,VIC
20183799,-36.1293758,145.6533559,VIC
20183816,-36.3629317,145.4543107,VIC
20183820,-36.4387894,144.9694375,VIC
20183877,-37.9605086,144.7147193,VIC
20183907,-36.0472011,145.204198,VIC
20183908,-36.7187174,141.0548912,VIC
20183914,-36.4166776,145.5331322,VIC
20183917,-36.3415217,145.4011012,VIC
20183929,-36.4003811,144.9338886,VIC
20183930,-36.4171461,144.956522,VIC
20183973,-36.2697339,144.4397253,VIC
20183974,-36.2702714,144.5669371,VIC
20183975,-36.2551503,144.6868676,VIC
20183993,-36.055837,145.439742,VIC
20183994,-35.9279412,145.6539832,VIC
20183996,-35.9467161,145.6805207,VIC
20184003,-37.9658029,144.6711131,VIC
20184013,-37.9334622,141.7422846,VIC
20184018,-36.4152327,145.5134965,VIC
20184028,-36.372403,145.0964899,VIC
20184029,-36.4360614,145.0672909,VIC
20184030,-36.4045534,145.3451591,VIC
20184033,-36.424533,144.9306337,VIC
20184041,-36.2678244,144.9986645,VIC
20184053,-36.2635619,145.4670799,VIC
20184062,-36.2489608,144.8337663,VIC
20184078,-36.0392542,145.5066718,VIC
20184097,-35.9133105,145.6095446,VIC
20184098,-37.9685855,141.798043,VIC
20184107,-36.2710228,145.460614,VIC
20184116,-36.4381959,145.052469,VIC
20184120,-36.454951,144.9313091,VIC
20184208,-37.411778,144.1745097,VIC
20184223,-36.443238,145.3253765,VIC
20184290,-36.4070504,144.9338717,VIC
20184302,-35.3402791,141.1484079,VIC
20184304,-36.3269619,145.4328247,VIC
20184328,-36.4044267,144.9058336,VIC
20184338,-36.2827839,145.0180332,VIC
20184406,-36.4102111,144.9462567,VIC
20185723,-35.9978004,145.5058457,VIC
20185725,-35.9485358,145.660209,VIC
20185739,-36.4105646,144.9325418,VIC
20185741,-36.4238079,144.9394779,VIC
20185746,-36.2559148,144.669839,VIC
20185751,-36.1277134,144.6871621,VIC
20185814,-36.2070684,144.536932,VIC
20185883,-36.26764,145.0316076,VIC
20185897,-38.4379257,142.6884374,VIC
20185907,-37.309484,144.7129877,VIC
20185908,-37.48313,143.9742554,VIC
20185930,-36.2678244,144.9986645,VIC
20185936,-36.6331262,144.8062079,VIC
20186036,-36.4164273,145.52867,VIC
20186037,-36.4170351,145.5135085,VIC
20186048,-36.2744009,145.0254887,VIC
20186141,-36.371826,144.97069,VIC
20186171,-36.3128233,145.1904252,VIC
20186234,-37.2774324,144.7681413,VIC
20186257,-36.2744009,145.0254887,VIC
20186258,-36.2678241,145.008681,VIC
20186262,-36.5885218,144.8111261,VIC
20186267,-36.2760324,145.0241535,VIC
20186313,-36.4233181,146.6467253,VIC
20186470,-36.4583105,144.8247228,VIC
20186472,-36.4131812,144.9380032,VIC
20186473,-36.4375134,145.2607814,VIC
20186490,-36.0388898,145.7149554,VIC
20186491,-35.987495,145.7614998,VIC
20186493,-35.9539152,145.6001099,VIC
20186513,-36.3058255,141.0917564,VIC
20186630,-36.547352,144.8990234,VIC
20186643,-36.0389554,145.7617847,VIC
20186767,-36.2431431,144.5204713,VIC
20187049,-36.4066502,144.9684579,VIC
20187053,-36.0580871,145.3615042,VIC
20187057,-36.1982472,144.4554783,VIC
20187070,-37.5594661,143.9857871,VIC
20187072,-36.2534205,145.4765882,VIC
20187128,-36.0197028,145.8485733,VIC
20187309,-37.1969995,143.3954031,VIC
20187352,-36.2178875,144.9581803,VIC
20187390,-36.4217586,145.0150548,VIC
20187393,-37.6852001,144.4435309,VIC
20187394,-37.2857024,144.75774,VIC
20187413,-35.814736,144.3128923,VIC
20187690,-36.4163717,145.5001227,VIC
20188671,-37.5923014,143.9582815,VIC
20188672,-37.5634414,144.0529766,VIC
20188674,-36.2866924,145.0319049,VIC
20188713,-36.3878874,145.5610232,VIC
20188723,-37.8444171,145.4478857,VIC
20188737,-36.4239771,145.3384657,VIC
20188821,-38.5130841,142.7419572,VIC
20188839,-35.8923238,144.3756683,VIC
20188844,-36.4655468,145.3309496,VIC
20188895,-36.4281486,144.951709,VIC
20188896,-36.4572593,144.9515791,VIC
20188949,-36.5445728,144.8326798,VIC
20189054,-37.9412081,144.6715617,VIC
20189074,-37.799223,145.4379658,VIC
20189151,-36.5592082,144.797457,VIC
20189206,-36.4155333,144.9578498,VIC
20189508,-37.2056793,144.0393314,VIC
20189538,-36.2963839,144.9505668,VIC
20189602,-38.271654,142.3864266,VIC
20189611,-36.3681195,144.9404912,VIC
20189612,-37.5333185,144.0274397,VIC
20189667,-36.053127,145.71542,VIC
20189716,-36.232842,146.4579459,VIC
20189732,-36.4193138,145.5281322,VIC
20189789,-36.5356015,145.2422064,VIC
20189793,-36.2157118,145.567779,VIC
20189798,-36.4073588,145.5001756,VIC
20189805,-36.0254295,145.8163497,VIC
20189807,-35.7748917,144.2248831,VIC
20189829,-36.7301184,145.2341214,VIC
20189882,-36.490498,145.2214485,VIC
20189884,-36.4972492,145.2258214,VIC
20189887,-35.9972173,145.4002588,VIC
20189962,-38.3252088,142.3918807,VIC
20189969,-36.3681195,144.9404912,VIC
20189977,-36.4352198,145.2372392,VIC
20190065,-36.4507563,144.9629846,VIC
20190153,-36.3263548,144.7665488,VIC
20190194,-37.9201533,144.6818894,VIC
20190200,-37.2480957,144.9691125,VIC
20190222,-36.075937,145.4144329,VIC
20190226,-36.4320776,145.2310952,VIC
20190227,-36.4589261,144.9502727,VIC
20190252,-36.4148029,144.9367754,VIC
20190278,-36.0549653,145.4782504,VIC
20190291,-36.9702014,145.6959287,VIC
20190311,-34.9899117,141.0171705,VIC
20190343,-37.3724895,143.7674106,VIC
20190355,-38.1642149,143.4996125,VIC
20190356,-35.9858508,145.6612371,VIC
20190372,-35.9678103,145.5970026,VIC
20190374,-36.0257112,145.6568071,VIC
20190378,-36.4388721,145.4402586,VIC
20190387,-36.3629497,145.3486387,VIC
20190393,-36.4608771,144.8295147,VIC
20190394,-36.4263914,144.952435,VIC
20190395,-36.4119859,144.9693924,VIC
20190399,-36.38176,145.4325755,VIC
20190425,-36.2616986,144.6754898,VIC
20190449,-35.9677078,145.6501064,VIC
20190463,-37.4328197,143.5917124,VIC
20190464,-37.9425184,144.727188,VIC
20190470,-36.3970883,145.4547353,VIC
20190477,-36.4532204,145.2887255,VIC
20190487,-36.4242519,144.9143519,VIC
20190490,-36.4193138,145.5281322,VIC
20190492,-36.4384232,144.9523718,VIC
20190504,-36.2755016,145.4561329,VIC
20190508,-36.3971658,145.4579688,VIC
20190535,-36.2843794,145.0166978,VIC
20190536,-36.2701349,144.4881378,VIC
20190565,-37.077978,144.1626,VIC
20190571,-35.076754,141.075275,VIC
20190572,-35.0511046,141.0344524,VIC
20190574,-35.9682626,145.6793798,VIC
20190583,-36.3209174,145.0799535,VIC
20190592,-36.38364,145.1349138,VIC
20190598,-36.0368925,145.3033715,VIC
20190656,-35.9341025,145.6798558,VIC
20190657,-36.4523065,144.9630731,VIC
20190668,-37.487673,144.0107222,VIC
20190688,-36.2852232,145.4475519,VIC
20190689,-36.1855561,145.5408745,VIC
20190696,-36.4282285,145.0687786,VIC
20190698,-36.2548304,145.2097998,VIC
20190710,-35.9476772,145.4425635,VIC
20190730,-36.1973955,144.6601931,VIC
20190758,-36.3040341,145.0701486,VIC
20190760,-36.5156456,144.8349759,VIC
20190770,-37.9644565,144.6729398,VIC
20190777,-36.3970301,145.4463737,VIC
20190784,-36.3731782,145.1746264,VIC
20190785,-36.4440355,145.1974431,VIC
20190788,-36.4478937,144.9762387,VIC
20190789,-36.4105773,144.9605286,VIC
20190845,-35.9824842,145.7127709,VIC
20190856,-34.7179281,143.0298237,VIC
20190857,-35.0643714,143.3187866,VIC
20190861,-36.3972447,145.4372334,VIC
20190864,-36.3469884,145.3861227,VIC
20190873,-36.3635129,145.3501679,VIC
20190895,-37.3351044,144.010902,VIC
20190980,-36.1839175,146.2642045,VIC
20190988,-36.2160899,145.6004811,VIC
20191012,-36.432119,146.6841155,VIC
20191036,-36.2901524,145.4429715,VIC
20191045,-37.2517914,143.3881705,VIC
20191196,-36.7205684,145.6599857,VIC
20191206,-35.9699492,145.6358231,VIC
20191250,-36.0071048,145.2464636,VIC
20191251,-36.3119531,145.1701558,VIC
20191278,-37.367044,144.0374718,VIC
20191297,-37.7127216,148.3989174,VIC
20191299,-37.6634086,144.4466382,VIC
20191383,-36.2228295,146.462885,VIC
20191397,-36.4194735,145.5327055,VIC
20191403,-36.4547397,144.7904804,VIC
20191409,-36.4402646,145.315113,VIC
20191532,-37.2061136,144.0406667,VIC
20191632,-36.0586056,145.5327715,VIC
20191663,-37.5106288,144.0637042,VIC
20191757,-36.0766114,146.2417199,VIC
20191836,-36.4109432,145.2955246,VIC
20191837,-36.3171268,145.0873666,VIC
20191889,-37.9692476,147.3816529,VIC
20191893,-38.3413122,142.3084835,VIC
20191980,-35.7192305,144.2032259,VIC
20192061,-35.8764351,145.57692,VIC
20192062,-36.052767,145.6535964,VIC
20192067,-36.3121453,145.2175951,VIC
20192138,-37.2512169,143.4830263,VIC
20192177,-36.3678608,144.9719173,VIC
20192182,-36.3884332,145.2426685,VIC
20192269,-36.4474808,145.2353806,VIC
20192389,-36.3126078,145.005078,VIC
20192401,-36.0683377,145.8152487,VIC
20192461,-37.9715389,144.6938502,VIC
20192580,-36.8689303,145.1694879,VIC
20192585,-35.8494678,144.3504426,VIC
20192589,-36.5885218,144.8111261,VIC
20192647,-36.5125072,143.6494364,VIC
20192683,-36.4202008,144.935745,VIC
20192704,-36.1059439,145.6531578,VIC
20192714,-36.4453996,144.9984048,VIC
20192759,-38.3836376,142.7286886,VIC
20192763,-36.2378149,144.6156254,VIC
20192809,-38.34622,142.6519075,VIC
20192862,-36.0764515,145.7612662,VIC
20192867,-36.4067074,144.5626014,VIC
20192885,-36.8464102,145.1617006,VIC
20192942,-36.7524294,145.6646395,VIC
20192983,-36.2579535,144.628211,VIC
20193008,-36.4533935,145.2062806,VIC
20193027,-36.4165211,144.948817,VIC
20193057,-36.2538841,144.8115007,VIC
20193072,-37.7203221,148.4515852,VIC
20193076,-36.1809305,145.5471788,VIC
20193195,-36.7517726,145.6644322,VIC
20193202,-36.4713218,146.5952878,VIC
20193279,-36.2531159,145.0652063,VIC
20193308,-36.4016915,145.1880809,VIC
20193343,-36.6618486,144.8489802,VIC
20193354,-37.5757069,144.0657305,VIC
20193435,-36.7300127,145.1928055,VIC
20193439,-37.8149093,145.4597497,VIC
20193477,-37.2511911,143.483117,VIC
20193506,-36.3884332,145.2426685,VIC
20193564,-38.4399459,142.8116352,VIC
20193577,-36.4332475,145.231991,VIC
20193595,-36.2678241,145.008681,VIC
20193596,-36.1806538,144.7012884,VIC
20193608,-36.092178,146.1894653,VIC
20193649,-36.4067523,144.9508193,VIC
20193797,-38.4297182,142.6046175,VIC
20193800,-38.2432785,143.5858795,VIC
20194011,-36.43005,144.9839398,VIC
20194018,-36.4158884,145.4864038,VIC
20194021,-36.4846996,144.6536775,VIC
20194029,-35.9987042,145.823166,VIC
20194106,-38.3751987,142.7303178,VIC
20194185,-36.3673124,144.9490726,VIC
20194193,-36.4000589,145.1944316,VIC
20194199,-37.2857024,144.75774,VIC
20194231,-36.5445728,144.8326798,VIC
20194269,-36.4003441,141.0778042,VIC
20194367,-37.077978,144.1626,VIC
20194368,-37.0774222,144.160469,VIC
20194376,-36.4062773,145.5001686,VIC
20194379,-36.229827,145.4957984,VIC
20194387,-36.3337569,144.6027822,VIC
20194398,-36.0656037,145.5955378,VIC
20194544,-38.296896,142.4036138,VIC
20194547,-38.2159022,143.4758552,VIC
20194653,-36.4150749,145.5287722,VIC
20194667,-36.3970318,144.9115951,VIC
20194668,-36.2714293,145.0056763,VIC
20194731,-36.2474513,144.3989408,VIC
20194732,-36.4325377,144.6610505,VIC
20194761,-37.388995,141.9679133,VIC
20194762,-36.0277942,145.4434658,VIC
20194769,-36.3331052,145.4033409,VIC
20194778,-36.3732205,145.1881228,VIC
20194780,-36.4256961,145.2403994,VIC
20194789,-36.4184543,144.9393595,VIC
20194791,-36.0598142,145.2914739,VIC
20194793,-36.2677322,145.0224815,VIC
20194874,-37.2436839,145.0024799,VIC
20194884,-36.3731317,145.1982977,VIC
20194892,-36.4213894,144.9522708,VIC
20194893,-37.9953935,146.9227647,VIC
20194901,-36.4073588,145.5001756,VIC
20194939,-36.3844364,144.7426309,VIC
20194942,-37.9388487,144.6995573,VIC
20194979,-34.8822237,143.2261366,VIC
20194982,-35.3402791,141.1484079,VIC
20194997,-36.2831176,145.0814839,VIC
20194998,-36.5911962,145.2261313,VIC
20195000,-36.4244386,144.9236079,VIC
20195006,-36.4042049,145.5000437,VIC
20195035,-36.270519,144.5149586,VIC
20195039,-36.4980167,144.6231093,VIC
20195062,-35.9411722,145.6729357,VIC
20195097,-36.3869341,145.5314548,VIC
20195098,-36.3950076,145.2959985,VIC
20195105,-36.4179216,145.4740387,VIC
20195109,-36.423188,144.9435712,VIC
20195110,-36.012108,145.3034961,VIC
20195133,-36.1973504,144.5184208,VIC
20195134,-36.2472813,144.4189146,VIC
20195135,-36.2544019,144.7977013,VIC
20195170,-36.4201955,145.5324874,VIC
20195172,-36.4179216,145.4740387,VIC
20195182,-36.4162223,144.945773,VIC
20195185,-36.4275988,144.9333075,VIC
20195188,-36.4131598,145.5134826,VIC
20195194,-36.4245369,144.9376595,VIC
20195200,-36.3970301,145.4463737,VIC
20195270,-36.0243167,145.479725,VIC
20195279,-36.4185717,145.5328107,VIC
20195298,-36.4392263,144.9354168,VIC
20195299,-36.4387894,144.9694375,VIC
20195308,-36.339868,145.4023737,VIC
20195312,-36.7393629,141.311588,VIC
20195369,-36.4423429,144.8147199,VIC
20195384,-36.3194161,145.0873135,VIC
20195389,-36.43005,144.9839398,VIC
20195405,-35.1320928,140.9875311,VIC
20195421,-36.1005354,145.6533342,VIC
20195472,-35.9827704,145.597118,VIC
20195487,-36.4060783,145.2799746,VIC
20195507,-36.7763413,141.1585543,VIC
20195584,-36.1368774,144.711124,VIC
20195620,-38.0728248,147.1146489,VIC
20195633,-36.2694314,144.6383951,VIC
20195685,-36.0535471,145.5352894,VIC
20195741,-36.4573822,144.9142034,VIC
20195782,-36.4482796,144.3203961,VIC
20195789,-36.4320776,145.2310952,VIC
20195835,-36.2077388,145.5183432,VIC
20195849,-36.2353315,146.4512506,VIC
20195968,-36.773307,144.3078099,VIC
20195982,-37.3892143,143.7637508,VIC
20196027,-36.1549713,145.6534614,VIC
20196067,-36.4462104,144.9917339,VIC
20196115,-36.7524476,145.664606,VIC
20196132,-36.2714293,145.0056763,VIC
20196172,-36.5931931,144.5913807,VIC
20196200,-37.9426085,144.7271877,VIC
20196216,-36.4596211,144.8614272,VIC
20196223,-36.4210198,144.9335363,VIC
20196287,-36.7697193,144.3123346,VIC
20196322,-37.9882457,146.9189388,VIC
20196331,-36.4587131,145.2050676,VIC
20196365,-36.428674,145.077177,VIC
20196391,-36.41021,144.9439152,VIC
20196397,-36.2494403,145.3846551,VIC
20196420,-36.4531449,145.1934502,VIC
20196440,-35.9684156,145.0596449,VIC
20196448,-36.4025348,145.3024716,VIC
20196483,-36.2610072,144.6248577,VIC
20196485,-36.3924358,145.2239533,VIC
20196487,-35.0853461,141.1295867,VIC
20196493,-36.266988,145.364821,VIC
20196512,-36.4450888,146.6670952,VIC
20196540,-36.2302575,146.4584756,VIC
20196590,-36.6106521,145.2580159,VIC
20196607,-36.4463952,145.2785485,VIC
20196608,-36.3054676,145.0234501,VIC
20196668,-37.8513524,145.4237236,VIC
20196704,-36.3704456,145.2669065,VIC
20196882,-36.428674,145.077177,VIC
20196928,-36.4207883,145.5000399,VIC
20196941,-36.2771918,145.4548851,VIC
20196982,-36.4254358,145.2485509,VIC
20196987,-36.0325102,145.2046031,VIC
20197007,-36.2342968,146.4503633,VIC
20197008,-36.2241401,144.546618,VIC
20197031,-36.3626998,145.3385418,VIC
20197082,-37.8621164,145.4116239,VIC
20197127,-36.0458783,145.1867714,VIC
20197129,-36.590097,144.809837,VIC
20197148,-36.3519626,144.6027997,VIC
20197174,-36.5445728,144.8326798,VIC
20197178,-36.4124062,145.5000969,VIC
20197216,-36.4372019,145.2375799,VIC
20197222,-36.2696178,144.5856389,VIC
20197230,-38.2729143,143.6245189,VIC
20197238,-36.326643,144.732577,VIC
20197239,-37.9604185,144.7147197,VIC
20197286,-36.3153777,146.280818,VIC
20197349,-38.164305,143.4996107,VIC
20197350,-38.3302986,143.4389903,VIC
20197360,-36.4164273,145.52867,VIC
20197434,-36.4184776,145.4679869,VIC
20197491,-36.0408918,145.2045143,VIC
20203505,-36.1236092,145.653085,VIC
20203527,-36.4024658,145.4624599,VIC
20203559,-36.199393,147.7661896,VIC
20203714,-37.2098261,144.0394706,VIC
20203725,-38.3400932,143.0071147,VIC
30062572,-33.470285,135.367154,SA
30062876,-34.786477,135.541744,SA
30062894,-37.274498,140.815296,SA
30063631,-34.764367,135.573759,SA
30064580,-32.853317,134.285485,SA
30065325,-34.748604,135.574476,SA
30065604,-32.862261,134.289506,SA
30065729,-35.21863,138.583694,SA
30065892,-37.237785,139.900921,SA
30065954,-33.521869,135.390277,SA
30066485,-34.721751,135.693609,SA
30067110,-34.6831361,135.5528232,SA
30068354,-34.6105818,135.6268044,SA
30068819,-34.649813,135.5057121,SA
30075187,-32.855755,134.27808,SA
30076423,-32.858391,134.283103,SA
30076718,-33.444412,135.4061,SA
30077724,-33.463538,135.36718,SA
30078460,-32.861808,134.289157,SA
30079305,-34.743867,135.5324779,SA
30081344,-34.71851,135.5393089,SA
30081612,-34.497939,138.98428,SA
30083161,-34.8483127,135.8901892,SA
30083207,-34.6109225,135.6271778,SA
30083749,-34.634094,135.48121,SA
30084503,-34.634149,135.481123,SA
30084590,-33.485243,135.340469,SA
30086437,-34.438812,139.010732,SA
30086579,-35.3073,138.475091,SA
30089895,-34.765115,135.533225,SA
30089924,-36.589363,140.779758,SA
30090006,-34.78935,135.550337,SA
30091222,-34.795412,135.575008,SA
30091223,-34.774745,135.538184,SA
30091962,-34.701273,135.674253,SA
30094036,-32.859214,134.275658,SA
30094346,-33.528266,135.453339,SA
30094700,-34.779206,135.584633,SA
30094732,-34.813382,135.785364,SA
30095137,-34.521281,138.98801,SA
30095173,-34.497949,138.984291,SA
30095204,-34.632594,135.48214,SA
30095259,-33.50489,135.377098,SA
30095633,-33.51629,135.349528,SA
30095996,-37.832121,140.848277,SA
30096004,-34.775293,135.5218009,SA
30096009,-34.7066684,135.5827249,SA
30096772,-34.627994,135.674282,SA
30097523,-34.798735,135.564285,SA
30097528,-34.7258054,135.6295296,SA
30098803,-35.165953,138.597494,SA
30100769,-34.47854,139.013088,SA
30101251,-34.808605,135.764875,SA
30101283,-33.535455,135.333772,SA
30101699,-33.515989,135.327775,SA
30102332,-34.820803,135.782558,SA
30102341,-34.762365,135.559,SA
30102458,-34.543148,139.059485,SA
30103392,-37.806008,140.799505,SA
30103662,-32.847496,134.271452,SA
30104111,-37.120335,140.86672,SA
30104239,-34.725951,135.61152,SA
30104527,-36.971273,140.300776,SA
30105144,-34.635204,135.48329,SA
30105895,-34.8359172,135.7579535,SA
30105907,-34.793817,135.545395,SA
30105914,-34.7342945,135.623608,SA
30106247,-32.863307,134.272109,SA
30107375,-33.5366249,135.334746,SA
30107377,-33.525653,135.499362,SA
30108123,-32.85045,134.271669,SA
30108125,-32.850281,134.279802,SA
30109069,-34.807184,135.752771,SA
30110622,-34.538625,138.980772,SA
30110784,-34.476939,139.03452,SA
30114651,-34.550522,138.94483,SA
30114852,-32.85368,134.279625,SA
30116070,-34.7709,135.584837,SA
30116071,-34.803518,135.557474,SA
30117711,-32.886568,134.229701,SA
30118795,-34.517703,138.977214,SA
30119575,-34.752346,135.624017,SA
30120270,-33.5123459,135.401034,SA
30120586,-34.785401,135.766661,SA
30121287,-34.482331,139.006748,SA
30124508,-34.762295,135.558724,SA
30124717,-33.53565,135.328334,SA
30125269,-33.474901,135.376753,SA
30125992,-33.476322,135.398285,SA
30126384,-34.798735,135.564285,SA
30130883,-33.52169,135.337596,SA
30131288,-34.701238,135.605322,SA
30131371,-34.551434,138.925759,SA
30131570,-32.852067,134.273675,SA
30131716,-34.342498,140.57852,SA
30132097,-34.53859,138.980795,SA
30132305,-34.466951,139.030214,SA
30132362,-33.529833,135.328097,SA
30134339,-32.856656,134.295237,SA
30135060,-34.760197,135.565607,SA
30135589,-33.509126,135.295341,SA
30135604,-33.513572,135.337995,SA
30136226,-34.765468,135.566528,SA
30136644,-34.649969,135.681116,SA
30137405,-34.787711,135.525519,SA
30139139,-32.863342,134.281428,SA
30139593,-34.477665,138.997082,SA
30141353,-34.461885,139.014081,SA
30141455,-37.222294,140.180632,SA
30141817,-34.697155,135.60123,SA
30143267,-34.538688,138.980749,SA
30143274,-34.471245,139.024169,SA
30143467,-35.251719,138.481965,SA
30143587,-34.571902,138.929044,SA
30144283,-33.530534,135.464357,SA
30144664,-37.993421,140.745673,SA
30144968,-32.855733,134.278989,SA
30144976,-32.886397,134.249063,SA
30147701,-32.861333,134.289781,SA
30147983,-34.6340982,135.4756025,SA
30147999,-34.471754,139.05476,SA
30148051,-33.53541,135.333934,SA
30148412,-34.814401,135.755176,SA
30149017,-34.504735,139.00885,SA
30149089,-33.512347,135.400926,SA
30149091,-33.509688,135.356015,SA
30149095,-33.4939939,135.339911,SA
30150588,-34.6491186,135.5351815,SA
30150869,-32.879822,134.215846,SA
30152334,-32.85431,134.298376,SA
30153198,-36.184287,140.337764,SA
30153235,-34.7484536,135.5907642,SA
30154088,-32.852176,134.289373,SA
30156245,-34.89287,135.891031,SA
30156255,-34.767602,135.559983,SA
30158541,-34.495554,139.0103646,SA
30158996,-37.603649,140.858159,SA
30160421,-32.859508,134.29235,SA
30161076,-34.642306,135.65599,SA
30161081,-34.610784,135.584268,SA
30161597,-33.493948,135.340018,SA
30162149,-34.757332,135.531879,SA
30162154,-34.666664,135.621507,SA
30162176,-34.619406,135.632859,SA
30164125,-34.495502,139.01103,SA
30165554,-34.7818,135.523068,SA
30166122,-33.50374,135.337957,SA
30166628,-34.75101,135.533728,SA
30166653,-34.610341,135.643687,SA
30167015,-35.88835,139.970861,SA
30167212,-34.772277,135.562005,SA
30168199,-34.8386956,135.88465,SA
30168228,-34.818865,135.788061,SA
30168703,-34.612332,135.640539,SA
30168873,-37.847804,140.931336,SA
30168886,-34.523481,139.039004,SA
30169562,-34.482331,139.006726,SA
30170756,-34.777551,135.564731,SA
30170761,-34.7470257,135.6430081,SA
30170762,-34.644653,135.635135,SA
30170847,-33.528029,135.328305,SA
30171772,-34.488028,139.027759,SA
30172212,-34.620185,135.65778,SA
30172281,-34.8441877,135.8645071,SA
30172442,-34.543218,139.059596,SA
30172973,-33.471116,135.327929,SA
30173418,-34.716987,135.580906,SA
30173419,-34.73426,135.623527,SA
30173463,-36.645414,140.51,SA
30173948,-34.764367,135.573758,SA
30174874,-33.542667,135.335416,SA
30176470,-34.343442,140.578747,SA
30177624,-34.633255,135.576909,SA
30177628,-34.6639498,135.6591514,SA
30178806,-34.772347,135.568117,SA
30179539,-33.494348,135.342334,SA
30179849,-34.782824,135.567161,SA
30179974,-34.763205,135.5216229,SA
30180115,-32.848052,134.278089,SA
30180562,-32.854067,134.293665,SA
30180651,-34.809777,135.7777,SA
30182480,-34.811732,135.74494,SA
30182493,-34.6792577,135.6150845,SA
30182549,-36.220761,139.78192,SA
30183071,-34.466923,139.030117,SA
30183127,-33.508836,135.338246,SA
30183734,-34.517704,138.97729,SA
30183848,-34.461751,139.014172,SA
30183881,-33.530069,135.386954,SA
30183890,-33.525788,135.499417,SA
30185686,-34.656725,135.601983,SA
30186617,-32.850256,134.283276,SA
30186843,-34.644085,135.626478,SA
30189333,-34.776749,135.55678,SA
30189376,-34.604414,135.5419179,SA
30189631,-34.497958,138.984313,SA
30189910,-34.651556,135.636104,SA
30189987,-34.734141,135.637621,SA
40131706,-24.8576555,152.4319791,QLD
40131710,-25.097922,152.2979343,QLD
40131759,-17.2111111,145.4761111,QLD
40131835,-24.9630184,152.2398723,QLD
40131995,-24.9110712,152.1807376,QLD
40131999,-24.9596996,152.4204977,QLD
40132025,-24.7950581,152.3353881,QLD
40132034,-27.5443864,152.3159346,QLD
40132035,-27.5285313,152.387336,QLD
40132207,-24.7539608,152.270216,QLD
40132216,-24.8524212,152.4508672,QLD
40132218,-25.1110924,152.5291189,QLD
40132487,-24.8531864,152.2706252,QLD
40132723,-24.9095542,152.3921478,QLD
40132734,-17.3445258,145.5035316,QLD
40132892,-24.8494447,152.4699693,QLD
40133063,-27.6155331,152.1199288,QLD
40133130,-17.2333333,145.5361111,QLD
40133473,-23.9064205,150.2872269,QLD
40133604,-24.7742282,152.4038443,QLD
40133804,-24.8839014,152.4670089,QLD
40133829,-24.8622655,152.3602627,QLD
40133914,-27.2770097,151.690501,QLD
40133924,-24.7898002,152.1986273,QLD
40134260,-25.0878468,152.2718138,QLD
40134509,-17.1938889,145.4958333,QLD
40134558,-17.2140236,145.5093335,QLD
40134566,-24.7492699,152.2952852,QLD
40134567,-24.7502021,152.302113,QLD
40134569,-24.8355076,152.4230437,QLD
40134667,-24.8697986,152.2107798,QLD
40134770,-24.7465842,152.3053711,QLD
40134771,-24.7113678,152.2526675,QLD
40134881,-24.8668745,152.4080044,QLD
40134940,-24.9252736,152.4566336,QLD
40134985,-24.883554,152.2425753,QLD
40135349,-17.1938889,145.4958333,QLD
40135453,-24.9737861,152.4319062,QLD
40135605,-24.9847037,152.3294977,QLD
40135610,-27.5990094,152.3769079,QLD
40135872,-24.9375182,152.1505317,QLD
40135874,-24.9430709,152.4185383,QLD
40136958,-25.0706043,152.2666309,QLD
40137017,-24.8290998,152.2913593,QLD
40137151,-24.9375182,152.1505317,QLD
40137291,-24.7929017,152.4326874,QLD
40137338,-24.9235727,152.1471553,QLD
40137400,-24.9098025,152.4882749,QLD
40137525,-24.8530218,152.4162684,QLD
40137526,-24.8429925,152.3228982,QLD
40137541,-24.9041528,152.2002289,QLD
40137743,-24.8393224,152.2471467,QLD
40137848,-24.7153003,152.2652103,QLD
40137851,-24.9781126,152.4133043,QLD
40137947,-25.0003007,152.4444407,QLD
40137982,-24.7323138,152.2191902,QLD
40138051,-27.6949277,152.2206058,QLD
40138170,-27.553268,152.3143636,QLD
40138389,-17.4317481,145.4937282,QLD
40138666,-24.7465842,152.3053711,QLD
40138668,-24.8229934,152.3052057,QLD
40138742,-24.7220078,152.2750827,QLD
40138747,-24.9943904,152.3927649,QLD
40138748,-24.9872002,152.42613,QLD
40138872,-25.0727616,152.2832661,QLD
40138953,-24.8793554,152.2092057,QLD
40139099,-24.860942,152.3638052,QLD
40139595,-17.3180126,145.5490465,QLD
40139687,-24.9008033,152.2747459,QLD
40139909,-24.9405466,152.2695864,QLD
40140121,-24.9597933,152.4179977,QLD
40140163,-24.9320251,152.4566088,QLD
40140262,-24.9858837,152.2617452,QLD
40140378,-17.2333333,145.4986111,QLD
40140440,-24.8672247,152.2653703,QLD
40140444,-25.140723,152.3330177,QLD
40140591,-17.2422222,145.5183333,QLD
40140592,-17.3675,145.5416667,QLD
40140593,-17.2852778,145.4961111,QLD
40140681,-27.5655911,152.3601088,QLD
40140682,-27.7113801,152.3602715,QLD
40140705,-24.7718451,152.2942107,QLD
40140711,-24.8685839,152.4811506,QLD
40140713,-25.1002328,152.5482064,QLD
40140818,-25.1232169,152.3797572,QLD
40140854,-24.8405142,152.4409494,QLD
40141069,-17.2041667,145.5261111,QLD
40141372,-24.7438654,152.2597722,QLD
40141531,-24.9041528,152.2002289,QLD
40141607,-17.2172648,145.4794568,QLD
40141674,-24.991192,152.4104986,QLD
40141679,-27.6263039,152.3875961,QLD
40141712,-27.7753981,152.3701272,QLD
40141921,-24.9147547,152.4798793,QLD
40141935,-17.2091667,145.485,QLD
40142629,-25.0980477,152.2703831,QLD
40142691,-25.0727616,152.2832661,QLD
40142770,-25.037906,152.3420821,QLD
40142799,-25.0471046,152.2563733,QLD
40142937,-24.9596981,152.4204185,QLD
40143112,-24.9956154,152.2600983,QLD
40143128,-25.0128415,152.3887799,QLD
40143292,-24.8663338,152.3620351,QLD
40143362,-17.2148574,145.5492046,QLD
40143518,-25.0378571,152.2844173,QLD
40143529,-17.1802778,145.4875,QLD
40143740,-25.1003262,152.2841628,QLD
40143875,-24.9998975,152.349817,QLD
40144015,-24.893727,152.3595046,QLD
40144097,-25.0496892,152.2651938,QLD
40144206,-17.2156244,145.5356163,QLD
40144277,-27.6050509,152.1340848,QLD
40144316,-27.4835564,152.4793379,QLD
40144492,-24.8398777,152.2359567,QLD
40144510,-25.0980477,152.2703831,QLD
40144552,-17.2558333,145.5244444,QLD
40144603,-27.6708122,152.3665628,QLD
40144632,-24.7699529,152.3045115,QLD
40145282,-24.8711826,152.2794011,QLD
40145312,-24.8576555,152.4319791,QLD
40145313,-24.9201165,152.2884031,QLD
40145315,-24.9218365,152.4688214,QLD
40145321,-27.5683755,152.2447666,QLD
40145485,-24.8307126,152.3535242,QLD
40145487,-25.097922,152.2979343,QLD
40145609,-25.0638262,152.2334185,QLD
40145704,-17.2513889,145.5036111,QLD
40145986,-24.9164321,152.2626914,QLD
40146079,-24.785346,152.2864593,QLD
40146110,-25.1177587,152.2690099,QLD
40146336,-24.7397759,152.2959938,QLD
40146340,-24.8423505,152.4097601,QLD
40146341,-24.807884,152.3358311,QLD
40146347,-24.9102799,152.462157,QLD
40146589,-27.5814753,152.3628679,QLD
40146600,-17.2091667,145.485,QLD
40146601,-17.1844499,145.4636163,QLD
40146651,-25.0233358,152.3728837,QLD
40146683,-24.8565212,152.3387193,QLD
40146901,-17.2705556,145.5233333,QLD
40146947,-24.8711826,152.2794011,QLD
40146970,-24.7379398,152.2853513,QLD
40146978,-27.5113339,152.4357245,QLD
40147046,-24.7153003,152.2652103,QLD
40147381,-24.9110712,152.1807376,QLD
40147413,-24.7797489,152.2454502,QLD
40147525,-24.8876874,152.2038394,QLD
40147688,-24.7348573,152.2937842,QLD
40147689,-24.7113678,152.2526675,QLD
40147690,-24.8107078,152.3508637,QLD
40147905,-24.9998274,152.3676944,QLD
40147986,-25.0002429,152.2590613,QLD
40148012,-24.8003234,152.2970339,QLD
40148168,-21.8666749,148.7571378,QLD
40148170,-24.9241936,152.1800067,QLD
40148347,-24.7252636,152.266823,QLD
40148437,-17.0629664,145.8078733,QLD
40148489,-24.8054423,152.4333861,QLD
40148615,-24.8387771,152.275069,QLD
40148722,-24.7438654,152.2597722,QLD
40148767,-17.3018824,145.5553913,QLD
40148912,-24.9872836,152.3897029,QLD
40149080,-24.7900474,152.345907,QLD
40149082,-24.8675241,152.4477193,QLD
40149633,-17.211084,145.4779456,QLD
40149768,-23.832272,150.2752814,QLD
40149889,-24.8966918,152.2651724,QLD
40150062,-27.41821,152.5734894,QLD
40150089,-24.7672231,152.3258637,QLD
40150172,-25.0786069,152.3309837,QLD
40150329,-24.9127527,152.1744496,QLD
40150554,-25.0089402,152.4078896,QLD
40150555,-25.0245259,152.277723,QLD
40150651,-24.8876874,152.2038394,QLD
40150789,-24.8414862,152.3507505,QLD
40150825,-24.8548495,152.3829943,QLD
40150886,-17.2027778,145.4816667,QLD
40150969,-24.9182212,152.4656571,QLD
40151043,-27.5434708,151.9069979,QLD
40151116,-17.2118412,145.4754079,QLD
40151182,-24.969637,152.3787109,QLD
40151341,-27.5520346,152.3883988,QLD
40151382,-21.8885628,148.7662658,QLD
40151507,-24.7572592,152.3113589,QLD
40151511,-25.0521026,152.3446372,QLD
40151514,-25.1071531,152.301927,QLD
40151544,-24.7277426,152.2837176,QLD
40151738,-24.9569625,152.3899183,QLD
40151868,-24.9526819,152.3618936,QLD
40151869,-25.0710968,152.2970032,QLD
40151909,-24.9270249,152.471053,QLD
40152072,-25.06596,152.3392842,QLD
40152260,-24.8531864,152.2706252,QLD
40152371,-27.5750755,152.2479141,QLD
40152707,-27.7983274,152.3717095,QLD
40152756,-17.1933333,145.5075,QLD
40153007,-27.7532202,152.3707675,QLD
40153037,-17.2816667,145.5108333,QLD
40153065,-17.2130556,145.4755556,QLD
40153266,-24.9004375,152.4846504,QLD
40153470,-24.7277426,152.2837176,QLD
40153491,-24.9697222,152.2738889,QLD
40157392,-27.5837738,152.3656027,QLD
50038432,-32.4985196,115.8028548,WA
50038460,-32.1957515,115.840877,WA
50038461,-32.1720746,115.8421389,WA
50038465,-32.3717214,115.8569554,WA
50038466,-32.3718587,115.8571785,WA
50038467,-32.3235841,115.8576303,WA
50038475,-32.1806103,115.8506185,WA
50038477,-32.1806108,115.8506715,WA
50038483,-32.1929297,115.8682858,WA
50038485,-32.1803736,115.873143,WA
50038487,-32.4404517,115.8901357,WA
50038488,-32.4404525,115.8897945,WA
50038495,-32.1927392,115.889444,WA
50038498,-32.1801589,115.8893086,WA
50038515,-32.1925998,115.9139602,WA
50038516,-32.1801523,115.9164089,WA
50038524,-32.3800694,115.9607603,WA
50038528,-32.1801979,115.9783568,WA
50038529,-32.1804837,115.9783584,WA
50038542,-32.1388696,115.8102337,WA
50038543,-32.1388682,115.8105721,WA
50038567,-32.1355706,115.8455581,WA
50038569,-32.123226,115.8477415,WA
50038573,-32.1128617,115.8411488,WA
50038577,-32.0966082,115.836,WA
50038585,-32.1659556,115.8531998,WA
50038593,-32.1462816,115.8491409,WA
50038595,-32.1463357,115.8491402,WA
50038598,-32.1458477,115.8490403,WA
50038606,-32.116284,115.8567463,WA
50038608,-32.1040389,115.8493741,WA
50038609,-32.1040396,115.8494589,WA
50038611,-32.1561918,115.8739013,WA
50038613,-32.1200944,115.8702032,WA
50038616,-32.1152771,115.8722128,WA
50038617,-32.1152681,115.8722235,WA
50038624,-32.149798,115.8887983,WA
50038739,-32.1501726,115.8144512,WA
50038741,-32.1494156,115.819604,WA
50038743,-32.1451902,115.8412554,WA
50038745,-32.1452,115.8412,WA
50038981,-32.087746,115.9040571,WA
50038982,-32.210233,115.8634136,WA
50038983,-32.2102421,115.8634241,WA
50038988,-32.1618194,115.8700247,WA
50038989,-32.1458961,115.8736282,WA
50038990,-32.1542518,115.8811337,WA
50038991,-32.1509347,115.9387253,WA
50038992,-32.1418547,115.8518112,WA
50038995,-32.1561158,115.9146719,WA
50039003,-32.0751335,115.8222135,WA
50039004,-32.1378519,115.8315492,WA
50039175,-32.4985983,115.9076247,WA
50039182,-32.3804635,115.9607659,WA
50039187,-32.1806515,115.9783487,WA
50039189,-32.299539,115.9820047,WA
50039198,-32.1310194,115.8753478,WA
50039201,-32.2404928,115.9768299,WA
50039205,-32.4423978,115.977108,WA
50039208,-32.5587911,115.9268359,WA
50039859,-32.1660509,115.8234628,WA
50039862,-32.1681253,115.830185,WA
50039871,-32.1622036,115.8257346,WA
50039875,-32.0966378,115.8359822,WA
50039888,-32.1343867,115.8396639,WA
50039891,-32.1613978,115.8776557,WA
50039892,-32.1147716,115.8255607,WA
50039896,-32.2202104,115.8594111,WA
50039906,-32.2167698,115.8322044,WA
50039907,-32.2167824,115.8322112,WA
50039908,-32.2167943,115.8322172,WA
50039909,-32.2168081,115.8322238,WA
50060414,-31.8178174,115.8152715,WA
50060479,-32.1229124,115.8816023,WA
50060480,-32.1116175,115.8755859,WA
50060481,-32.1037225,115.8662927,WA
50060482,-32.0914945,115.8717816,WA
50060483,-32.0824689,115.8689091,WA
50060485,-32.0734026,115.876475,WA
50060510,-31.8458562,115.8757051,WA
50060534,-32.1666598,115.8976229,WA
50060536,-32.1666092,115.8976172,WA
50060547,-32.1377156,115.8888313,WA
50060549,-32.1108287,115.8935374,WA
50060550,-32.0996482,115.8849313,WA
50060557,-32.0753713,115.8993177,WA
50060635,-32.1636303,115.906413,WA
50060636,-32.1530928,115.9062844,WA
50060637,-32.1411366,115.9069255,WA
50060647,-32.1162123,115.9152918,WA
50060656,-32.076128,115.9139125,WA
50060742,-32.1678533,115.9233845,WA
50060743,-32.1537294,115.9220304,WA
50060744,-32.1349915,115.9197809,WA
50060745,-32.1347061,115.9197227,WA
50060746,-32.1241834,115.9264946,WA
50060747,-32.1089846,115.923599,WA
50060795,-31.8197486,115.9322196,WA
50060826,-31.8319101,115.9518292,WA
50060827,-31.8319191,115.9518291,WA
50060859,-31.8202183,115.9606146,WA
50060860,-31.8202184,115.9606252,WA
50060875,-31.8269557,115.9791053,WA
50060877,-31.8194406,115.984977,WA
50060882,-31.5853732,115.6832027,WA
50060885,-31.6244205,115.709137,WA
50060900,-31.6915306,115.7380672,WA
50060909,-31.5168982,115.751299,WA
50060918,-31.5872986,115.761777,WA
50060920,-31.5695824,115.7598459,WA
50060923,-31.5507669,115.7640118,WA
50060928,-31.776704,115.782047,WA
50060945,-31.5784301,115.7778627,WA
50060946,-31.5660847,115.7808166,WA
50060947,-31.5388207,115.7812344,WA
50060949,-31.5384466,115.7812054,WA
50060950,-31.5384196,115.7812021,WA
50060951,-31.5383953,115.7812008,WA
50060952,-31.5381012,115.7811844,WA
50060953,-31.5380728,115.7811819,WA
50060954,-31.5380442,115.78118,WA
50060955,-31.5054275,115.7767982,WA
50060962,-31.7446365,115.7957582,WA
50060974,-31.5468888,115.8005609,WA
50060986,-31.7278149,115.8108749,WA
50060998,-31.6492157,115.8102863,WA
50061013,-31.4792093,115.8080766,WA
50061044,-31.7248896,115.8355299,WA
50061045,-31.7249076,115.8355296,WA
50061046,-31.7248717,115.8355406,WA
50061051,-31.6584248,115.8285015,WA
50061057,-31.5874437,115.8321313,WA
50061063,-31.7522174,115.8520046,WA
50061064,-31.748764,115.8508666,WA
50061065,-31.7487818,115.8508347,WA
50061066,-31.7487996,115.8508133,WA
50061069,-31.7285388,115.8519396,WA
50061070,-31.7285748,115.8519391,WA
50061090,-31.7083286,115.8364319,WA
50061105,-31.6124659,115.8428365,WA
50061106,-31.5726963,115.8451185,WA
50061110,-31.5072218,115.8395893,WA
50061121,-31.7375896,115.8532108,WA
50061123,-31.7376438,115.8532101,WA
50061134,-31.6548414,115.8553772,WA
50061135,-31.5970071,115.861378,WA
50061136,-31.8036134,115.875076,WA
50061144,-31.7852892,115.8758099,WA
50061161,-31.6916957,115.8785236,WA
50061171,-31.5102284,115.8773962,WA
50061209,-31.6621005,115.8953785,WA
50061210,-31.6172726,115.8953297,WA
50061211,-31.6175625,115.8953256,WA
50061212,-31.6175607,115.8951972,WA
50061213,-31.6175443,115.8951964,WA
50061214,-31.6175266,115.8951989,WA
50061216,-31.5714857,115.8912381,WA
50061219,-31.8036066,115.9180069,WA
50061234,-31.7707336,115.9266476,WA
50061245,-31.6763743,115.905001,WA
50061246,-31.6763216,115.9051704,WA
50061247,-31.6763927,115.905043,WA
50061248,-31.6763562,115.9049906,WA
50061249,-31.6763648,115.9049483,WA
50061251,-31.5394016,115.9164751,WA
50061252,-31.5391315,115.9163553,WA
50061253,-31.507392,115.9097759,WA
50061268,-31.7593806,115.9304531,WA
50061279,-31.7275905,115.9220788,WA
50061282,-31.713508,115.9335159,WA
50061283,-31.7135223,115.9335898,WA
50061284,-31.693836,115.9304631,WA
50061290,-31.7854194,115.9394372,WA
50061307,-31.7770328,115.9529239,WA
50061310,-31.7593889,115.9498916,WA
50061311,-31.7593892,115.9499233,WA
50061315,-31.7402363,115.9511001,WA
50061318,-31.7218653,115.9483136,WA
50061319,-31.7218727,115.948339,WA
50061320,-31.6735593,115.9497012,WA
50061326,-31.804464,115.9536604,WA
50061327,-31.8044908,115.9536179,WA
50061333,-31.7643552,115.9680926,WA
50061334,-31.7642646,115.9680514,WA
50061335,-31.7521237,115.9572164,WA
50061338,-31.7417605,115.9614858,WA
50061343,-31.6960222,115.9573152,WA
50061344,-31.6407462,115.9681065,WA
50061364,-31.7696239,115.9986368,WA
50061365,-31.7696332,115.9986684,WA
50061376,-31.771626,116.008922,WA
50061377,-31.7716262,116.0089537,WA
50061409,-32.1577108,115.8283923,WA
50061410,-32.1501994,115.8143224,WA
50061411,-32.1493383,115.819608,WA
50061412,-32.1441738,115.8217029,WA
50061413,-32.1377326,115.8259881,WA
50061418,-32.1605516,115.836854,WA
50061423,-32.1414539,115.8402006,WA
50061521,-31.6314375,115.7340898,WA
50061524,-31.6285608,115.7306836,WA
50061526,-31.6290192,115.7279785,WA
50061529,-31.6352847,115.7356397,WA
50061534,-31.6394608,115.7326085,WA
50061535,-31.6371941,115.7311022,WA
50061541,-31.6299848,115.7367594,WA
50061542,-31.6299862,115.7367402,WA
50061543,-31.630002,115.7367376,WA
50061544,-31.6307231,115.7351708,WA
50061545,-31.6307104,115.7351634,WA
50061547,-31.6314284,115.7340825,WA
50061548,-31.6331818,115.7286151,WA
50061549,-31.6352823,115.7356695,WA
50061604,-31.5881326,115.7080642,WA
50062332,-31.5386906,115.7033886,WA
50062333,-31.5410934,115.6916224,WA
50062334,-31.5418684,115.6890696,WA
50062336,-31.5545867,115.6967766,WA
50062337,-31.5546334,115.6869796,WA
50062338,-31.5703234,115.6957336,WA
50062945,-31.7659297,115.9439311,WA
50062946,-31.7497501,115.9569457,WA
50062947,-31.7359941,115.9469309,WA
50062953,-31.5678804,115.6992034,WA
50062954,-31.5678049,115.6972817,WA
50062955,-31.5077641,115.7183967,WA
50062956,-31.6667735,115.8538595,WA
50062958,-31.7040995,115.9641132,WA
50062959,-31.7434027,115.9632652,WA
50062960,-31.7524697,115.9594789,WA
50062961,-31.7534594,115.9739571,WA
50062962,-31.7534685,115.973957,WA
50062976,-31.7049198,115.9146131,WA
50063056,-31.9888889,115.886115,WA
50065406,-31.7898705,115.8740083,WA
50065465,-31.5751946,115.6904087,WA
50065466,-32.0940646,115.9278114,WA
50065478,-31.8658624,115.7636666,WA
50065523,-31.6619483,115.9745528,WA
50065524,-31.6061541,116.0132585,WA
50065527,-32.1075804,115.9277695,WA
50065567,-31.7954,115.9947,WA
50065568,-31.7714495,115.979725,WA
50066597,-31.520676,115.6653128,WA
50066598,-31.5485132,115.6789485,WA
50066599,-32.1590015,115.9286436,WA
50071802,-31.3071487,115.6045006,WA
50071803,-31.3074174,115.604318,WA
50071819,-31.475839,115.6835496,WA
50071820,-31.4756833,115.6833202,WA
50071822,-31.5061569,115.7035629,WA
50071841,-31.4660203,115.7628969,WA
50071843,-31.4955806,115.7861693,WA
50071858,-31.3759564,115.6900864,WA
50071860,-31.3759471,115.6903658,WA
50071866,-31.3477585,115.7170291,WA
50071869,-31.4265016,115.7475644,WA
50071870,-31.4262786,115.7478198,WA
50071878,-31.309562,115.778968,WA
50071879,-31.3096512,115.7792919,WA
50071903,-31.5218112,115.6159362,WA
50076737,-31.3623758,115.812087,WA
60007010,-41.435579,146.320611,TAS
60007012,-41.407,146.241622,TAS
60007014,-41.442096,146.387256,TAS
60007016,-41.399597,146.248587,TAS
60007416,-39.793487,143.906389,TAS
60007421,-41.145185,145.911632,TAS
60008065,-39.99189,148.122996,TAS
60008069,-40.067244,147.97817,TAS
60008283,-42.844827,147.688248,TAS
60008313,-40.826732,145.058365,TAS
60008327,-40.858169,145.169075,TAS
60008328,-42.827271,147.218361,TAS
60008336,-41.522299,146.597479,TAS
60008337,-41.522357,146.598618,TAS
60008555,-41.332216,146.112709,TAS
60008562,-40.833824,145.164183,TAS
60008566,-42.351662,147.100777,TAS
60008575,-41.064086,145.802476,TAS
60008583,-42.601073,147.041605,TAS
70010029,-14.4887364,132.2554468,NT
70010041,-14.0694371,131.2501337,NT
70010060,-14.93903,133.164307,NT
70010103,-12.5345328,131.0706236,NT
70013923,-14.4616055,132.2317819,NT
70019615,-12.5256509,131.0773783,NT
70019643,-12.5252796,131.079813,NT
70021594,-12.4988614,131.1228404,NT
70021612,-14.5026989,132.8705728,NT
70021717,-14.0674784,131.2518547,NT
70023662,-14.9625395,133.2652861,NT
70023675,-12.4592211,131.0505916,NT
70023730,-13.9737672,131.3058911,NT
70023731,-14.0623069,131.2599125,NT
70023759,-14.1084518,131.2512752,NT
70023831,-14.5879288,132.4686795,NT
70023832,-12.5011103,131.05095,NT
70023870,-14.4674701,132.3098447,NT
70023881,-14.4123755,132.1743232,NT
80000002,-35.340625,149.153412,ACT
80000005,-35.3179201,149.212126,ACT
80000006,-35.3186385,149.1770263,ACT
80000007,-35.3764393,149.0935067,ACT
80000008,-35.3483471,149.1143143,ACT
80000009,-35.3488717,149.0841243,ACT
80000011,-35.3353189,149.1205866,ACT
80000012,-35.2859768,149.0850174,ACT
80000014,-35.2587043,149.1976668,ACT
